-- phpMyAdmin SQL Dump
-- version 3.5.2.2
-- http://www.phpmyadmin.net
--
-- ホスト: 127.0.0.1
-- 生成日時: 2013 年 9 月 13 日 05:55
-- サーバのバージョン: 5.5.27
-- PHP のバージョン: 5.4.7

SET SQL_MODE="NO_AUTO_VALUE_ON_ZERO";
SET time_zone = "+00:00";


/*!40101 SET @OLD_CHARACTER_SET_CLIENT=@@CHARACTER_SET_CLIENT */;
/*!40101 SET @OLD_CHARACTER_SET_RESULTS=@@CHARACTER_SET_RESULTS */;
/*!40101 SET @OLD_COLLATION_CONNECTION=@@COLLATION_CONNECTION */;
/*!40101 SET NAMES utf8 */;

--
-- データベース: `iw31`
--

-- --------------------------------------------------------

--
-- テーブルの構造 `cinema_master`
--

CREATE TABLE IF NOT EXISTS `cinema_master` (
  `cinema_id` varchar(10) COLLATE utf8_unicode_ci NOT NULL,
  `cinema_name` varchar(50) COLLATE utf8_unicode_ci NOT NULL,
  `start_day` date NOT NULL,
  `end_day` date NOT NULL,
  `running_time` smallint(6) DEFAULT NULL,
  `cinema_description` text COLLATE utf8_unicode_ci,
  `movie_director` varchar(20) COLLATE utf8_unicode_ci DEFAULT NULL,
  `movie_perfomer` varchar(50) COLLATE utf8_unicode_ci DEFAULT NULL,
  `main_photo` varchar(20) COLLATE utf8_unicode_ci DEFAULT NULL,
  `sub_photo1` varchar(20) COLLATE utf8_unicode_ci DEFAULT NULL,
  `sub_photo2` varchar(20) COLLATE utf8_unicode_ci DEFAULT NULL,
  `sub_photo3` varchar(20) COLLATE utf8_unicode_ci DEFAULT NULL,
  `sub_photo4` varchar(20) COLLATE utf8_unicode_ci DEFAULT NULL,
  PRIMARY KEY (`cinema_id`)
) ENGINE=InnoDB DEFAULT CHARSET=utf8 COLLATE=utf8_unicode_ci;

--
-- テーブルのデータのダンプ `cinema_master`
--

INSERT INTO `cinema_master` (`cinema_id`, `cinema_name`, `start_day`, `end_day`, `running_time`, `cinema_description`, `movie_director`, `movie_perfomer`, `main_photo`, `sub_photo1`, `sub_photo2`, `sub_photo3`, `sub_photo4`) VALUES
('ci0001', 'マン・オブ・スティール', '2013-08-30', '2013-09-20', 147, '幼い頃から超人的な力を持つ少年、クラーク・ケント。彼は親との約束でその特別な力を封印し、孤独な少年時代を過ごした。成長し、クラークを守ろうとして死んだ父の「使命を突き止めろ」という教えに導かれて放浪の旅に出た彼は、遂に自分の真実を知る。爆発寸前の惑星クリプトンで、実の父親が生まれたばかりの彼を地球へ送り出したのだ。己の正体に葛藤するクラーク。しかしその時、クリプトン唯一の生き残りであるゾッド将軍と反乱軍がクラークが地球にいることを突きとめた。それは、人類の存亡を賭けた闘いが始まることを意味していた──！', 'ザック・スナイダー', 'ヘンリー・カビル、エイミー・アダムス、ローレンス・フィッシュバーン、ケビン・コスナー、ラッセル・クロ', 'ci0001main.jpg', 'ci0001sub1', NULL, NULL, NULL),
('ci0002', 'キャプテンハーロック', '2013-09-07', '2013-10-05', 115, 'はるかな未来、もしくは遠い過去かもしれない。銀河の果てまで進出した時代、残されたフロンティアのなくなった人類は、戻るべき場所=地球への居住権をめぐり紛争を引き起こした。この紛争の切札として建造された四隻のデス・シャドウ級宇宙戦艦。その四番艦・艦長の名前をハーロックといった。しかし、英雄と呼ばれたハーロックは終戦とともに姿を消した。そして次に姿を現した時、彼は艦首に巨大なドクロを刻んだ海賊船を駆る、呪われた宇宙海賊となって政府に叛旗を翻した。なぜハーロックは姿を消し、海賊となって現れたのか？彼の目的は？そして今…、ハーロック暗殺計画が発令された！', '荒牧伸志', '声）小栗旬、三浦春馬、蒼井優、古田新太、福田彩乃、森川智之、坂本真綾、沢城みゆき', 'ci0002main.jpg', 'ci0002.sub1.jpg', NULL, NULL, NULL),
('ci0003', '貞子３Ｄ　２ ', '2013-08-30', '2013-09-20', 96, '物語は“呪いの動画”事件から数年後。茜と孝則の間に凪という子供が生まる。しかし、茜は凪の成長を見届けることなく亡くなってしまう。５年後―。茜を失ったことにより、人が変わってしまった孝則。そんな彼を心配する、妹・楓子は凪の面倒を見ている。そして、凪が4歳の誕生日を迎えた頃、まわりで不審な死が起こり始め、楓子は、一連の事件に凪が関連しているのではないかと疑い始める。再び、世に蔓延する“呪いの動画”。楓子が出会った柏田清司死刑囚の謎の言動。全てが一つに繋がる時、貞子の怨念の恐ろしさが明らかになる！', '英勉', '瀧本美織、大沢逸美、石原さとみ、山本裕典', 'ci0003main.jpg', 'ci0003sub1.jpg', NULL, NULL, NULL),
('ci0004', 'スター・トレック　イントゥ・ダークネス', '2013-08-29', '2013-10-05', 132, '平和を謳歌する地球に、突如訪れた史上最大の危機。それはエンタープライズ号の内部に潜んでいた静かなる悪のもたらしたものだった。壮大な宇宙を舞台に繰り広げられる生死を賭けた闘い。仲間との絆は引き裂かれ、愛は試される。世界と引き換えにカークが、エンタープライズ号のクルーが、払わなければならない「犠牲」とは―。', 'Ｊ・Ｊ・エイブラムス', ' クリス・パイン、ザッカリー・クイント、ゾーイ・サルダナ、ベネディクト・カンバーバッチ', 'ci0004main.jpg', 'ci0004sub1.jpg', 'ci0004sub2.jpg', 'ci0004sub3.jpg', NULL),
('ci0005', '映画　謎解きはディナーのあとで ', '2013-09-07', '2013-10-12', 121, '休暇のクルーズとしてシンガポール行き豪華客船に乗り込んだ令嬢・宝生麗子と執事・影山。久々の休みに何をしようかと心を躍らせる麗子だったが、それも束の間、船から奇妙な遺体が海に落とされる。そこに犯人からの声明文が船に届く。しかも、その発信先は船の中。容疑者は乗客・乗員３０００人全員！船がシンガポールに到着するまでの5日間に何としても犯人を捕まえなければ、犯人を逃してしまう。そして起こってしまう第2・第３の事件。次々と現れる怪しい乗員達。一体誰が本当の犯人なのか？そして、犯人の狙いはいったい何なのか？そんな中、遂に麗子に危機が訪れる…。シリーズ最大にして最高のクライマックスミステリー！', '土方政人', ' 櫻井翔、北川景子、椎名桔平、中村雅俊、桜庭ななみ、要潤、黒谷友香、甲本雅裕、大倉孝二', 'ci0005main.jpg', 'ci0005sub1.jpg', 'ci0005sub2.jpg', 'ci0005sub3.jpg', 'ci0005sub4.jpg'),
('ci0006', '風立ちぬ ', '2013-07-20', '2013-09-21', 126, 'かつて、日本で戦争があった。大正から昭和へ、1920年代の日本は、不景気と貧乏、病気、そして大震災と、まことに生きるのに辛い時代だった。そして、日本は戦争へ突入していった。当時の若者たちは、そんな時代をどう生きたのか？イタリアのカプローニへの時空を超えた尊敬と友情、後に神話と化した零戦の誕生、薄幸の少女菜穂子との出会いと別れ。この映画は、実在の人物、堀越二郎の半生を描く――。', '宮崎駿', '声：庵野秀明', 'ci0006mian.jpg', 'ci0006sub1.jpg', 'ci0006sub2.jpg', 'ci0006sub3.jpg', 'ci0006sub4.jpg'),
('ci0007', 'モンスターズ・ユニバーシティ', '2013-07-06', '2013-09-28', 111, '明るくて前向きなマイクの唯一の悩みは、同級生よりも体が小さくて “カワイイ”こと。なぜなら、誰よりも恐ろしい“怖がらせ屋”になることが、彼の夢だからだ。夢を叶えるため、モンスターズ・ユニバーシティに入学したマイクだが、そこにはサリーをはじめ、彼よりも大きくて才能あふれる未来の“怖がらせ屋”たちが大勢いた。果たしてマイクは夢を叶えることができるのだろうか。誰もが入学したくなる不思議なモンスターの学校は、まるでテーマパークのような面白さ。ユニークなモンスターたちによる驚きに満ちたスクール・ライフ。前作を遥かに超える大迫力の冒険、夢と笑いと感動に満ちたストーリーがモンスターズ大旋風を巻き起こす！', 'ダン・スキャンロン', 'ジョン・グッドマン、ビリー・クリスタル', 'ci0007main.jpg', 'ci0007sub1.jpg', 'ci0007sub2.jpg', NULL, NULL),
('ci0008', 'ワールド・ウォーＺ', '2013-07-20', '2013-09-14', 116, 'ブラッド・ピット主演最新作人類絶滅！今世紀最大のパニック・エンターテインメント守るのは家族か、世界か― 全人類を絶滅へと導く“謎のウィルス”の感染を防ぐために、国連職員のジェリー（ブラッド・ピット）は愛する家族と離れ、世界を駆け回る。しかしすでに政府と軍隊は崩壊し、感染の速度は加速する一方で人類に残された時間はわずかだった…。マックス・ブルックスの大ベストセラー小説（「ワールド・ウォー・ゼット」）を全世界待望の映画化！「００７／慰めの報酬」のマーク・フォースター監督が、人類滅亡の「Zデー」へのカウント・ダウンを、想像を絶する壮大なスケールと緊張感で描き出す。', 'マーク・フォースター', 'ブラッド・ピット', 'ci0008main.jpg', 'ci0008sub1.jpg', 'ci0008sub2.jpg', NULL, NULL),
('ci0009', '劇場版ＡＴＡＲＵ', '2013-09-14', '2013-11-14', 120, 'ＮＹ―。ラリー（村上弘明）が取り仕切り、アタル（中居正広）が所属しているFBIの組織・SPB（サヴァン・プログラム・ブランチ）が何者かに爆破された。一方、東京でも同じ手口によって事件が起きていた。女管理官・星秋穂（松雪泰子）の指揮のもと、沢（北村一輝）ら警視庁捜査一課が捜査にあたる中、東京の捜査本部にラリーとアタルが現れる。ロンドン金融特区のサーバーを経由した「ウィザード」と呼ばれるコンピューターウイルスが原因で、この「ウィザード」を開発したのは、以前沢の班が担当した連続殺人事件に関与した疑いのある日系ブラジル人・マドカ（堀北真希）だという。※劇場版ATARU－THE FIRST LOVE＆THE LAST KILL－', '木村ひさし', '中居正広、北村一輝、栗山千明、玉森裕太、岡田将生、市村正親（特別出演）、村上弘明、堀北真希', 'ci0009main.jpg', NULL, NULL, NULL, NULL),
('ci0010', 'エリジウム', '2013-09-20', '2013-11-20', 109, '舞台は2154年。人類はスペース・コロニー“エリジウム”に住む富裕層と､荒廃した地球に住む貧困層とに二極分化されていた｡“エリジウム”は永遠の命が手に入る人類の理想郷｡どんな不治の病でも一瞬で完治する特殊な再生装置が存在した。地球に住むマックスは、事故により余命はあと５日間｡‘永遠の命を手に入れるべくエリジウム行きを決断｡だが､エリジウムへ行ける唯一の方法は、レジスタンス軍の兵士として､ある任務を遂行する以外､なかった。自らの身体にコンピューターを埋め込み、命の危険にさらされながら､エリジウムへ向かうマックス｡全人類の未来までをも背負って､いま､悲しくも壮絶な戦いが始まる｡', 'ニール・ブロムカンプ', 'マット・デイモン、ジョディ・フォスター、シャールト・コプリー', 'ci0010main.jpg', 'ci0010sub1.jpg', 'ci0010sub2.jpg', NULL, NULL),
('ci0011', 'ビザンチウム', '2013-09-20', '2013-11-20', 118, '海辺の寂れた地にたたずむホテル“ビザンチウム”にふらりと身を寄せた16歳の少女エレノアは、神秘的なまでに謎めいた美しさと孤独の影をまとっていた。8つ年上のクララに連れられ、見知らぬ街から街へと移り住んできた彼女は、決して人には明かせない秘密を抱えながら永遠の時を生き続けている。哀しき運命を受け入れたはずのエレノアは、難病に冒されて余命わずかの若者フランクと恋に落ちた。それはたったひとりの肉親であるクララと交わした血の掟に背く行為。やがてエレノアとクララの固い絆が揺らめくなか、遠い過去からの追跡者の魔手がふたりに迫っていた……。※R15+', 'ニール・ジョーダン', 'シアーシャ・ローナン、ジェマ・アータートン、サム・ライリー、ジョニー・リー・ミラー', 'ci0011main.jpg', 'ci0011sub1.jpg', 'ci0011sub2.jpg', 'ci0011sub3.jpg', 'ci0011sub4.jpg'),
('ci0012', 'ウォーム・ボディーズ ', '2013-09-21', '2013-11-21', 118, 'ゾンビと人間が敵対する近未来―。ゾンビ男子“Ｒ”は、ある日、襲撃するはずのニンゲン女子“ジュリー”に一目ぼれ、助けてしまう。最初は恐れをなし、徹底的に拒絶していたジュリーも、Ｒの不器用全開な純粋さや優しさに次第に心を開き始める。出会ってはいけなかった、けれど、うっかり出会ってしまった二人の恋。それは、最終型ゾンビの“ガイコツ軍団”そしてニンゲンたちのリーダーであるジュリーの父親にとっても許されることではなかった！彼らの恋は、ゾンビの死に絶えた“冷たい”ハートを打ち鳴らすことができるのか！？ して終わりかけている世界に、もう一度“温かな”希望をよみがえらせることができるのか！？ゾンビと人間が敵対する近未来―。ゾンビ男子“Ｒ”は、ある日、襲撃するはずのニンゲン女子“ジュリー”に一目ぼれ、助けてしまう。最初は恐れをなし、徹底的に拒絶していたジュリーも、Ｒの不器用全開な純粋さや優しさに次第に心を開き始める。出会ってはいけなかった、けれど、うっかり出会ってしまった二人の恋。それは、最終型ゾンビの“ガイコツ軍団”そしてニンゲンたちのリーダーであるジュリーの父親にとっても許されることではなかった！彼らの恋は、ゾンビの死に絶えた“冷たい”ハートを打ち鳴らすことができるのか！？ して終わりかけている世界に、もう一度“温かな”希望をよみがえらせることができるのか！？', 'ジョナサン・レビン', 'ニコラス・ホルト、テリーサ・パーマー、ジョン・マルコヴィッチ', 'ci0012main.jpg', 'ci0012sub1.jpg', 'ci0012sub2.jpg', 'ci0012sub3.jpg', 'ci0012sub4.jpg'),
('ci0013', '地獄でなぜ悪い', '2013-09-28', '2013-11-28', 120, '憎しみ合うふたりの男、武藤（國村隼）と池上（堤真一）。武藤は、娘のミツコ（二階堂ふみ）の映画デビューをなんとか叶えたいあまり、自らミツコ主演で映画の製作をはじめる。憎い男の娘と知りつつもミツコに惹かれはじめる池上、ひょんなことから映画監督と間違えられた公次（星野源）、その公次に頼まれミツコ主演映画を撮るハメになる映画青年・平田（長谷川博己）が加わり、事態は想像を絶する方向に向かっていく……！※PG12', '園子温', ' 國村隼、長谷川博己、星野源、二階堂ふみ、友近、堤真一', 'ci0013main.jpg', 'ci0013sub1.jpg', 'ci0013sub2.jpg', 'ci0013sub3.jpg', 'ci0013sub4.jpg'),
('ci0014', 'Ｒ１００ ', '2013-10-05', '2013-12-05', 120, '都内有名家具店に勤務する片山貴文には秘密があった。それは、謎のクラブ「ボンデージ」に入会してしまったということ。以降、様々なタイプの美女たちが片山の日常生活の中に突然現れ、彼をこれまで味わったことのない世界へと誘っていった。しかし内容は次第にエスカレートしていき、女性たちは彼の職場や家庭にも現れるようになる。\r\n耐えられなくなった片山はプレイの中止を求めるが、一向に受け入れられない。\r\nさらなる予測不能の事態が次々と巻き起こる中、果たして彼の運命は――？！※R15+', '松本人志', '大森南朋、大地真央、寺島しのぶ、片桐はいり、冨永愛、佐藤江梨子、渡辺直美', 'ci0014main.jpg', 'ci0014sub1.jpg', 'ci0014sub2.jpg', 'ci0014sub3.jpg', 'ci0014sub4.jpg'),
('ci0015', 'レッド・ドーン', '2013-10-05', '2013-11-15', 96, 'アメリカの田舎町。ある日住民たちは、空から突然落下傘部隊が降りてくるという非現実的な光景を目の当たりにする。警告もないまま囚われ、街は敵の占領下となってしまう。そんな中、数人の若者たちが団結し、反撃を始める。\r\nゲリラ部隊となった彼らは街の高校のマスコットにちなんで「ウルヴァリンズ」と名乗りながら、人々を助け、街を開放し、自由を取り戻そうとするのだが－。1984年『若き勇者たち』(ジョン・ミリアス監督）のリメイク。', 'ダン・ブラッドリー', 'クリス・ヘムズワース、エイドリアンンヌ・パリッキ、ジョシュ・ハッチャーソン', 'ci0015main.jpg', 'ci0015sub1.jpg', NULL, NULL, NULL),
('ci0016', 'おしん', '2013-10-12', '2013-11-21', 120, '明治40年、不作のため困窮を極めた谷村家では、７つのおしんが奉公に出される事となる。初めは家族と離れる事に抵抗したおしんだが、母のため、家族のために、精一杯強がり自ら奉公へ出ると決めるのだ。\r\n奉公先の材木店では、早朝から夜遅くまで、働き詰めの毎日を強いられた。厳しいしつけにも耐え、辛抱に辛抱を重ねて、「雪とげたら、家さ帰れる……」と言い聞かせ、くじけず前向きに生きてきたおしんだが、店の財布から50銭銀貨がなくなったとき、濡れ衣を着せられ吹雪の中、店を飛び出してしまう。猛吹雪の中、息絶え絶えに歩むおしん。先には新たな出会いが待っていた―。', '冨樫森', '濱田ここね、上戸彩、稲垣吾郎、泉ピン子、岸本加世子、井頭愛海、小林綾子、満島真之介、乃木涼介', 'ci0016main.jpg', 'ci0016sub1.jpg', 'ci0016sub2.jpg', 'ci0016sub3.jpg', 'ci0016sub4.jpg');

-- --------------------------------------------------------

--
-- テーブルの構造 `movie_price_master`
--

CREATE TABLE IF NOT EXISTS `movie_price_master` (
  `movie_price_id` varchar(10) COLLATE utf8_unicode_ci NOT NULL,
  `movie_price_name` varchar(20) COLLATE utf8_unicode_ci NOT NULL,
  `movie_price_description` text COLLATE utf8_unicode_ci NOT NULL,
  `movie_price` int(10) NOT NULL,
  `sale_day` tinyint(2) NOT NULL,
  PRIMARY KEY (`movie_price_id`)
) ENGINE=InnoDB DEFAULT CHARSET=utf8 COLLATE=utf8_unicode_ci;

--
-- テーブルのデータのダンプ `movie_price_master`
--

INSERT INTO `movie_price_master` (`movie_price_id`, `movie_price_name`, `movie_price_description`, `movie_price`, `sale_day`) VALUES
('mp0001', '基本料金', '基本料金', 1800, 0),
('mp0002', '子ども', '高校生まで', 1500, 0),
('mp0003', 'ペア', 'ペアで使用', 4000, 0),
('mp0004', 'ペア', '一人で使用', 2500, 0),
('mp0005', 'シルバーデー', '60歳以上の人は毎月1日1000円', 1000, 1);

-- --------------------------------------------------------

--
-- テーブルの構造 `movie_reserve_content`
--

CREATE TABLE IF NOT EXISTS `movie_reserve_content` (
  `movie_reserve_content_id` int(11) NOT NULL AUTO_INCREMENT,
  `reserve_number` varchar(20) COLLATE utf8_unicode_ci NOT NULL,
  `show_id` varchar(10) COLLATE utf8_unicode_ci NOT NULL,
  `seat_number` varchar(10) COLLATE utf8_unicode_ci NOT NULL,
  `movie_price_id` varchar(10) COLLATE utf8_unicode_ci NOT NULL,
  `price` int(10) NOT NULL,
  PRIMARY KEY (`movie_reserve_content_id`)
) ENGINE=InnoDB  DEFAULT CHARSET=utf8 COLLATE=utf8_unicode_ci AUTO_INCREMENT=2 ;

--
-- テーブルのデータのダンプ `movie_reserve_content`
--

INSERT INTO `movie_reserve_content` (`movie_reserve_content_id`, `reserve_number`, `show_id`, `seat_number`, `movie_price_id`, `price`) VALUES
(1, 'abcdefghij1234567890', 'sh0001', 'A-24', 'mp0001', 1800);

-- --------------------------------------------------------

--
-- テーブルの構造 `payment_master`
--

CREATE TABLE IF NOT EXISTS `payment_master` (
  `payment_id` int(11) NOT NULL AUTO_INCREMENT,
  `reserve_id` int(11) NOT NULL,
  `payment_flag` tinyint(1) NOT NULL,
  `mobile_flag` tinyint(1) NOT NULL,
  `card_number` varchar(16) COLLATE utf8_unicode_ci DEFAULT NULL,
  `card_valid_month` tinyint(2) DEFAULT NULL,
  `card_valid_year` tinyint(2) DEFAULT NULL,
  `card_family_name` varchar(20) COLLATE utf8_unicode_ci DEFAULT NULL,
  `card_first_name` varchar(20) COLLATE utf8_unicode_ci DEFAULT NULL,
  `card_security_code` int(5) DEFAULT NULL,
  `payment_finish` timestamp NOT NULL DEFAULT CURRENT_TIMESTAMP ON UPDATE CURRENT_TIMESTAMP,
  PRIMARY KEY (`payment_id`)
) ENGINE=InnoDB  DEFAULT CHARSET=utf8 COLLATE=utf8_unicode_ci AUTO_INCREMENT=2 ;

--
-- テーブルのデータのダンプ `payment_master`
--

INSERT INTO `payment_master` (`payment_id`, `reserve_id`, `payment_flag`, `mobile_flag`, `card_number`, `card_valid_month`, `card_valid_year`, `card_family_name`, `card_first_name`, `card_security_code`, `payment_finish`) VALUES
(1, 1, 0, 0, NULL, NULL, NULL, NULL, NULL, NULL, '2013-09-12 21:22:19');

-- --------------------------------------------------------

--
-- テーブルの構造 `product_master`
--

CREATE TABLE IF NOT EXISTS `product_master` (
  `product_id` varchar(10) COLLATE utf8_unicode_ci NOT NULL,
  `product_name` varchar(20) COLLATE utf8_unicode_ci NOT NULL,
  `product_TypeID` varchar(10) COLLATE utf8_unicode_ci NOT NULL,
  `product_price` int(10) DEFAULT NULL,
  `product_description` text COLLATE utf8_unicode_ci,
  `product_img` varchar(20) COLLATE utf8_unicode_ci DEFAULT NULL,
  PRIMARY KEY (`product_id`)
) ENGINE=InnoDB DEFAULT CHARSET=utf8 COLLATE=utf8_unicode_ci;

--
-- テーブルのデータのダンプ `product_master`
--

INSERT INTO `product_master` (`product_id`, `product_name`, `product_TypeID`, `product_price`, `product_description`, `product_img`) VALUES
('pr0001', 'ドリンクS', 'prt0001', 200, NULL, NULL),
('pr0002', 'ドリンクM', 'prt0001', 300, NULL, NULL),
('pr0003', '生ビール', 'prt0001', 560, NULL, NULL),
('pt0004', 'ポップコーン塩M', 'prt0002', 250, NULL, NULL),
('pt0005', 'ポップコーン塩L', 'prt0002', 400, NULL, NULL),
('pt0006', 'ポップコーンキャラメルM', 'prt0002', 350, NULL, NULL),
('pt0007', 'ポップコーンキャラメルL', 'prt0002', 600, NULL, NULL),
('pt0008', 'ポップコーン塩・キャラメル　ハーフ', 'prt0002', 550, NULL, NULL),
('pt0009', 'ポップコーン塩ペアセット', 'prt0003', 900, NULL, NULL),
('pt0010', 'ポップコーン塩ドリンクMセット', 'prt0003', 500, NULL, NULL),
('pt0011', 'ポップコーン塩ビールセット', 'prt0003', 760, NULL, NULL),
('pt0012', 'ポップコーンキャラメルペアセット', 'prt0003', 1100, NULL, NULL),
('pt0013', 'ポップコーンキャラメルドリンクMセット', 'prt0003', 600, NULL, NULL),
('pt0014', 'ポップコーンキャラメルビールセット', 'prt0003', 860, NULL, NULL),
('pt0015', 'ポップコーンハーフペアセット', 'prt0003', 1050, NULL, NULL);

-- --------------------------------------------------------

--
-- テーブルの構造 `product_reserve_content`
--

CREATE TABLE IF NOT EXISTS `product_reserve_content` (
  `product_reserve_content_id` int(11) NOT NULL AUTO_INCREMENT,
  `reserve_number` varchar(20) COLLATE utf8_unicode_ci NOT NULL,
  `product_id` varchar(10) COLLATE utf8_unicode_ci NOT NULL,
  `product_reserve_count` tinyint(2) NOT NULL,
  `price` int(10) NOT NULL,
  PRIMARY KEY (`product_reserve_content_id`)
) ENGINE=InnoDB  DEFAULT CHARSET=utf8 COLLATE=utf8_unicode_ci AUTO_INCREMENT=2 ;

--
-- テーブルのデータのダンプ `product_reserve_content`
--

INSERT INTO `product_reserve_content` (`product_reserve_content_id`, `reserve_number`, `product_id`, `product_reserve_count`, `price`) VALUES
(1, 'abcdefghij1234567890', 'pr0001', 1, 200);

-- --------------------------------------------------------

--
-- テーブルの構造 `product_type`
--

CREATE TABLE IF NOT EXISTS `product_type` (
  `product_type_id` varchar(10) COLLATE utf8_unicode_ci NOT NULL,
  `product_type_name` varchar(20) COLLATE utf8_unicode_ci NOT NULL,
  PRIMARY KEY (`product_type_id`)
) ENGINE=InnoDB DEFAULT CHARSET=utf8 COLLATE=utf8_unicode_ci;

--
-- テーブルのデータのダンプ `product_type`
--

INSERT INTO `product_type` (`product_type_id`, `product_type_name`) VALUES
('prt0001', 'ドリンク'),
('prt0002', 'ポップコーン'),
('prt0003', 'セットメニュー'),
('prt0004', 'パンフレット'),
('prt0005', 'ポスター'),
('prt0006', 'グッズ');

-- --------------------------------------------------------

--
-- テーブルの構造 `reserve_master`
--

CREATE TABLE IF NOT EXISTS `reserve_master` (
  `reserve_id` int(11) NOT NULL AUTO_INCREMENT,
  `user_id` varchar(20) COLLATE utf8_unicode_ci NOT NULL,
  `reserve_time` datetime NOT NULL,
  `reserve_number` varchar(20) COLLATE utf8_unicode_ci NOT NULL,
  `settle_flag` tinyint(1) NOT NULL,
  PRIMARY KEY (`reserve_id`),
  KEY `user_id` (`user_id`)
) ENGINE=InnoDB  DEFAULT CHARSET=utf8 COLLATE=utf8_unicode_ci AUTO_INCREMENT=2 ;

--
-- テーブルのデータのダンプ `reserve_master`
--

INSERT INTO `reserve_master` (`reserve_id`, `user_id`, `reserve_time`, `reserve_number`, `settle_flag`) VALUES
(1, '111', '2013-09-13 00:00:00', 'abcdefghij1234567890', 1);

-- --------------------------------------------------------

--
-- テーブルの構造 `screen_master`
--

CREATE TABLE IF NOT EXISTS `screen_master` (
  `screen_id` varchar(10) COLLATE utf8_unicode_ci NOT NULL,
  `screen_number` tinyint(1) NOT NULL,
  `theater_id` varchar(10) COLLATE utf8_unicode_ci NOT NULL,
  `seat_number` smallint(3) NOT NULL,
  `wheelchair_seat_number` tinyint(2) NOT NULL,
  `3d_flag` tinyint(1) NOT NULL,
  `sound_system` varchar(255) COLLATE utf8_unicode_ci DEFAULT NULL,
  `screen_img` varchar(20) COLLATE utf8_unicode_ci DEFAULT NULL,
  `block_img1` varchar(20) COLLATE utf8_unicode_ci DEFAULT NULL,
  `block_img2` varchar(20) COLLATE utf8_unicode_ci DEFAULT NULL,
  `block_img3` varchar(20) COLLATE utf8_unicode_ci DEFAULT NULL,
  `block_img4` varchar(20) COLLATE utf8_unicode_ci DEFAULT NULL,
  `block_img5` varchar(20) COLLATE utf8_unicode_ci DEFAULT NULL,
  `block_img6` varchar(20) COLLATE utf8_unicode_ci DEFAULT NULL,
  `pair_seat_number` tinyint(2) NOT NULL,
  PRIMARY KEY (`screen_id`)
) ENGINE=InnoDB DEFAULT CHARSET=utf8 COLLATE=utf8_unicode_ci;

--
-- テーブルのデータのダンプ `screen_master`
--

INSERT INTO `screen_master` (`screen_id`, `screen_number`, `theater_id`, `seat_number`, `wheelchair_seat_number`, `3d_flag`, `sound_system`, `screen_img`, `block_img1`, `block_img2`, `block_img3`, `block_img4`, `block_img5`, `block_img6`, `pair_seat_number`) VALUES
('sc0001', 1, 'th0001', 300, 4, 0, 'DOLBY ATMOS', NULL, NULL, NULL, NULL, NULL, NULL, NULL, 8),
('sc0002', 2, 'th0001', 300, 4, 0, 'DOLBY ATMOS', NULL, NULL, NULL, NULL, NULL, NULL, NULL, 8),
('sc0003', 3, 'th0001', 300, 4, 0, 'DOLBY ATMOS', NULL, NULL, NULL, NULL, NULL, NULL, NULL, 8),
('sc0004', 4, 'th0001', 200, 4, 0, 'DOLBY SURROUND7.1', NULL, NULL, NULL, NULL, NULL, NULL, NULL, 5),
('sc0005', 5, 'th0001', 200, 4, 0, 'DOLBY SURROUND7.1', NULL, NULL, NULL, NULL, NULL, NULL, NULL, 5),
('sc0006', 6, 'th0001', 200, 4, 0, 'DOLBY SURROUND7.1', NULL, NULL, NULL, NULL, NULL, NULL, NULL, 5),
('sc0007', 7, 'th0001', 100, 4, 0, 'DOLBY SURROUND7.1', NULL, NULL, NULL, NULL, NULL, NULL, NULL, 0),
('sc0008', 8, 'th0001', 100, 4, 0, 'DOLBY SURROUND7.1', NULL, NULL, NULL, NULL, NULL, NULL, NULL, 0),
('sc0009', 1, 'th0002', 300, 4, 0, 'DOLBY ATMOS', NULL, NULL, NULL, NULL, NULL, NULL, NULL, 8),
('sc0010', 2, 'th0002', 300, 4, 0, 'DOLBY ATMOS', NULL, NULL, NULL, NULL, NULL, NULL, NULL, 8),
('sc0011', 3, 'th0002', 300, 4, 0, 'DOLBY ATMOS', NULL, NULL, NULL, NULL, NULL, NULL, NULL, 8),
('sc0012', 4, 'th0002', 200, 4, 0, 'DOLBY SURROUND7.1', NULL, NULL, NULL, NULL, NULL, NULL, NULL, 5),
('sc0013', 5, 'th0002', 200, 4, 0, 'DOLBY SURROUND7.1', NULL, NULL, NULL, NULL, NULL, NULL, NULL, 5),
('sc0014', 6, 'th0002', 200, 4, 0, 'DOLBY SURROUND7.1', NULL, NULL, NULL, NULL, NULL, NULL, NULL, 5),
('sc0015', 7, 'th0002', 100, 4, 0, 'DOLBY SURROUND7.1', NULL, NULL, NULL, NULL, NULL, NULL, NULL, 0),
('sc0016', 8, 'th0002', 100, 4, 0, 'DOLBY SURROUND7.1', NULL, NULL, NULL, NULL, NULL, NULL, NULL, 0),
('sc0017', 1, 'th0003', 300, 4, 0, 'DOLBY ATMOS', NULL, NULL, NULL, NULL, NULL, NULL, NULL, 8),
('sc0018', 2, 'th0003', 300, 4, 0, 'DOLBY ATMOS', NULL, NULL, NULL, NULL, NULL, NULL, NULL, 8),
('sc0019', 3, 'th0003', 300, 4, 0, 'DOLBY ATMOS', NULL, NULL, NULL, NULL, NULL, NULL, NULL, 8),
('sc0020', 4, 'th0003', 200, 4, 0, 'DOLBY SURROUND7.1', NULL, NULL, NULL, NULL, NULL, NULL, NULL, 5),
('sc0021', 5, 'th0003', 200, 4, 0, 'DOLBY SURROUND7.1', NULL, NULL, NULL, NULL, NULL, NULL, NULL, 5),
('sc0022', 6, 'th0003', 200, 4, 0, 'DOLBY SURROUND7.1', NULL, NULL, NULL, NULL, NULL, NULL, NULL, 5),
('sc0023', 7, 'th0003', 100, 4, 0, 'DOLBY SURROUND7.1', NULL, NULL, NULL, NULL, NULL, NULL, NULL, 0),
('sc0024', 8, 'th0003', 100, 4, 0, 'DOLBY SURROUND7.1', NULL, NULL, NULL, NULL, NULL, NULL, NULL, 0);

-- --------------------------------------------------------

--
-- テーブルの構造 `seat_list`
--

CREATE TABLE IF NOT EXISTS `seat_list` (
  `screen_id` tinyint(1) NOT NULL,
  `sheet_number` varchar(5) COLLATE utf8_unicode_ci NOT NULL,
  `sheet_class_flag` tinyint(1) NOT NULL,
  PRIMARY KEY (`screen_id`,`sheet_number`)
) ENGINE=InnoDB DEFAULT CHARSET=utf8 COLLATE=utf8_unicode_ci;

--
-- テーブルのデータのダンプ `seat_list`
--

INSERT INTO `seat_list` (`screen_id`, `sheet_number`, `sheet_class_flag`) VALUES
(1, 'A-1', 0),
(1, 'A-10', 0),
(1, 'A-11', 0),
(1, 'A-12', 0),
(1, 'A-13', 0),
(1, 'A-14', 0),
(1, 'A-15', 0),
(1, 'A-16', 0),
(1, 'A-17', 0),
(1, 'A-18', 0),
(1, 'A-19', 0),
(1, 'A-2', 0),
(1, 'A-20', 0),
(1, 'A-21', 0),
(1, 'A-22', 0),
(1, 'A-23', 0),
(1, 'A-24', 0),
(1, 'A-25', 0),
(1, 'A-26', 0),
(1, 'A-27', 0),
(1, 'A-28', 0),
(1, 'A-29', 0),
(1, 'A-3', 0),
(1, 'A-30', 0),
(1, 'A-31', 0),
(1, 'A-32', 0),
(1, 'A-33', 0),
(1, 'A-4', 0),
(1, 'A-5', 0),
(1, 'A-6', 0),
(1, 'A-7', 0),
(1, 'A-8', 0),
(1, 'A-9', 0),
(1, 'B-1', 0),
(1, 'B-10', 0),
(1, 'B-11', 0),
(1, 'B-12', 0),
(1, 'B-13', 0),
(1, 'B-14', 0),
(1, 'B-15', 0),
(1, 'B-16', 0),
(1, 'B-17', 0),
(1, 'B-18', 0),
(1, 'B-19', 0),
(1, 'B-2', 0),
(1, 'B-20', 0),
(1, 'B-21', 0),
(1, 'B-22', 0),
(1, 'B-23', 0),
(1, 'B-24', 0),
(1, 'B-25', 0),
(1, 'B-26', 0),
(1, 'B-27', 0),
(1, 'B-28', 0),
(1, 'B-29', 0),
(1, 'B-3', 0),
(1, 'B-30', 0),
(1, 'B-31', 0),
(1, 'B-32', 0),
(1, 'B-33', 0),
(1, 'B-4', 0),
(1, 'B-5', 0),
(1, 'B-6', 0),
(1, 'B-7', 0),
(1, 'B-8', 0),
(1, 'B-9', 0),
(1, 'C-1', 0),
(1, 'C-10', 0),
(1, 'C-11', 0),
(1, 'C-12', 0),
(1, 'C-13', 0),
(1, 'C-14', 0),
(1, 'C-15', 0),
(1, 'C-16', 0),
(1, 'C-17', 0),
(1, 'C-18', 0),
(1, 'C-19', 0),
(1, 'C-2', 0),
(1, 'C-20', 0),
(1, 'C-21', 0),
(1, 'C-22', 0),
(1, 'C-23', 0),
(1, 'C-24', 0),
(1, 'C-25', 0),
(1, 'C-26', 0),
(1, 'C-27', 0),
(1, 'C-28', 0),
(1, 'C-29', 0),
(1, 'C-3', 0),
(1, 'C-30', 0),
(1, 'C-31', 0),
(1, 'C-32', 0),
(1, 'C-33', 0),
(1, 'C-4', 0),
(1, 'C-5', 0),
(1, 'C-6', 0),
(1, 'C-7', 0),
(1, 'C-8', 0),
(1, 'C-9', 0),
(1, 'D-1', 0),
(1, 'D-10', 0),
(1, 'D-11', 0),
(1, 'D-12', 0),
(1, 'D-13', 0),
(1, 'D-14', 0),
(1, 'D-15', 0),
(1, 'D-16', 0),
(1, 'D-17', 0),
(1, 'D-18', 0),
(1, 'D-19', 0),
(1, 'D-2', 0),
(1, 'D-20', 0),
(1, 'D-21', 0),
(1, 'D-22', 0),
(1, 'D-23', 0),
(1, 'D-24', 0),
(1, 'D-25', 0),
(1, 'D-26', 0),
(1, 'D-27', 0),
(1, 'D-28', 0),
(1, 'D-29', 0),
(1, 'D-3', 0),
(1, 'D-30', 0),
(1, 'D-31', 0),
(1, 'D-32', 0),
(1, 'D-33', 0),
(1, 'D-4', 0),
(1, 'D-5', 0),
(1, 'D-6', 0),
(1, 'D-7', 0),
(1, 'D-8', 0),
(1, 'D-9', 0),
(1, 'E-1', 0),
(1, 'E-10', 0),
(1, 'E-11', 0),
(1, 'E-12', 0),
(1, 'E-13', 0),
(1, 'E-14', 0),
(1, 'E-15', 0),
(1, 'E-16', 0),
(1, 'E-17', 0),
(1, 'E-18', 0),
(1, 'E-19', 0),
(1, 'E-2', 0),
(1, 'E-20', 0),
(1, 'E-21', 0),
(1, 'E-22', 0),
(1, 'E-23', 0),
(1, 'E-24', 0),
(1, 'E-25', 0),
(1, 'E-26', 0),
(1, 'E-27', 0),
(1, 'E-28', 0),
(1, 'E-29', 0),
(1, 'E-3', 0),
(1, 'E-30', 0),
(1, 'E-31', 0),
(1, 'E-32', 0),
(1, 'E-33', 0),
(1, 'E-4', 0),
(1, 'E-5', 0),
(1, 'E-6', 0),
(1, 'E-7', 0),
(1, 'E-8', 0),
(1, 'E-9', 0),
(1, 'F-10', 0),
(1, 'F-11', 0),
(1, 'F-12', 0),
(1, 'F-13', 0),
(1, 'F-14', 0),
(1, 'F-15', 0),
(1, 'F-16', 0),
(1, 'F-17', 0),
(1, 'F-18', 0),
(1, 'F-19', 0),
(1, 'F-20', 0),
(1, 'F-21', 0),
(1, 'F-22', 0),
(1, 'F-23', 0),
(1, 'F-24', 0),
(1, 'F-25', 0),
(1, 'F-26', 0),
(1, 'F-27', 0),
(1, 'F-28', 0),
(1, 'F-29', 0),
(1, 'F-3', 2),
(1, 'F-30', 2),
(1, 'F-31', 2),
(1, 'F-4', 2),
(1, 'F-5', 0),
(1, 'F-6', 0),
(1, 'F-7', 0),
(1, 'F-8', 0),
(1, 'F-9', 0),
(1, 'G-10', 1),
(1, 'G-12', 1),
(1, 'G-14', 1),
(1, 'G-16', 1),
(1, 'G-18', 1),
(1, 'G-20', 1),
(1, 'G-22', 1),
(1, 'G-24', 1),
(1, 'G-26', 0),
(1, 'G-27', 0),
(1, 'G-28', 0),
(1, 'G-29', 0),
(1, 'G-5', 0),
(1, 'G-6', 0),
(1, 'G-7', 0),
(1, 'G-8', 0),
(1, 'G-9', 0),
(1, 'H-10', 0),
(1, 'H-11', 0),
(1, 'H-12', 0),
(1, 'H-13', 0),
(1, 'H-14', 0),
(1, 'H-15', 0),
(1, 'H-16', 0),
(1, 'H-17', 0),
(1, 'H-18', 0),
(1, 'H-19', 0),
(1, 'H-20', 0),
(1, 'H-21', 0),
(1, 'H-22', 0),
(1, 'H-23', 0),
(1, 'H-24', 0),
(1, 'H-25', 0),
(1, 'H-26', 0),
(1, 'H-27', 0),
(1, 'H-28', 0),
(1, 'H-29', 0),
(1, 'H-5', 0),
(1, 'H-6', 0),
(1, 'H-7', 0),
(1, 'H-8', 0),
(1, 'H-9', 0),
(1, 'I-1', 0),
(1, 'I-10', 0),
(1, 'I-11', 0),
(1, 'I-12', 0),
(1, 'I-13', 0),
(1, 'I-14', 0),
(1, 'I-15', 0),
(1, 'I-16', 0),
(1, 'I-17', 0),
(1, 'I-18', 0),
(1, 'I-19', 0),
(1, 'I-2', 0),
(1, 'I-20', 0),
(1, 'I-21', 0),
(1, 'I-22', 0),
(1, 'I-23', 0),
(1, 'I-24', 0),
(1, 'I-25', 0),
(1, 'I-26', 0),
(1, 'I-27', 0),
(1, 'I-28', 0),
(1, 'I-29', 0),
(1, 'I-3', 0),
(1, 'I-30', 0),
(1, 'I-31', 0),
(1, 'I-32', 0),
(1, 'I-33', 0),
(1, 'I-4', 0),
(1, 'I-5', 0),
(1, 'I-6', 0),
(1, 'I-7', 0),
(1, 'I-8', 0),
(1, 'I-9', 0),
(1, 'J-10', 0),
(1, 'J-11', 0),
(1, 'J-12', 0),
(1, 'J-13', 0),
(1, 'J-14', 0),
(1, 'J-15', 0),
(1, 'J-16', 0),
(1, 'J-17', 0),
(1, 'J-18', 0),
(1, 'J-19', 0),
(1, 'J-20', 0),
(1, 'J-21', 0),
(1, 'J-22', 0),
(1, 'J-23', 0),
(1, 'J-24', 0),
(1, 'J-25', 0),
(1, 'J-26', 0),
(1, 'J-27', 0),
(1, 'J-28', 0),
(1, 'J-29', 0),
(1, 'J-30', 0),
(1, 'J-5', 0),
(1, 'J-6', 0),
(1, 'J-7', 0),
(1, 'J-8', 0),
(1, 'J-9', 0),
(2, 'A-1', 0),
(2, 'A-10', 0),
(2, 'A-11', 0),
(2, 'A-12', 0),
(2, 'A-13', 0),
(2, 'A-14', 0),
(2, 'A-15', 0),
(2, 'A-16', 0),
(2, 'A-17', 0),
(2, 'A-18', 0),
(2, 'A-19', 0),
(2, 'A-2', 0),
(2, 'A-20', 0),
(2, 'A-21', 0),
(2, 'A-22', 0),
(2, 'A-23', 0),
(2, 'A-24', 0),
(2, 'A-25', 0),
(2, 'A-26', 0),
(2, 'A-27', 0),
(2, 'A-28', 0),
(2, 'A-29', 0),
(2, 'A-3', 0),
(2, 'A-30', 0),
(2, 'A-31', 0),
(2, 'A-32', 0),
(2, 'A-33', 0),
(2, 'A-4', 0),
(2, 'A-5', 0),
(2, 'A-6', 0),
(2, 'A-7', 0),
(2, 'A-8', 0),
(2, 'A-9', 0),
(2, 'B-1', 0),
(2, 'B-10', 0),
(2, 'B-11', 0),
(2, 'B-12', 0),
(2, 'B-13', 0),
(2, 'B-14', 0),
(2, 'B-15', 0),
(2, 'B-16', 0),
(2, 'B-17', 0),
(2, 'B-18', 0),
(2, 'B-19', 0),
(2, 'B-2', 0),
(2, 'B-20', 0),
(2, 'B-21', 0),
(2, 'B-22', 0),
(2, 'B-23', 0),
(2, 'B-24', 0),
(2, 'B-25', 0),
(2, 'B-26', 0),
(2, 'B-27', 0),
(2, 'B-28', 0),
(2, 'B-29', 0),
(2, 'B-3', 0),
(2, 'B-30', 0),
(2, 'B-31', 0),
(2, 'B-32', 0),
(2, 'B-33', 0),
(2, 'B-4', 0),
(2, 'B-5', 0),
(2, 'B-6', 0),
(2, 'B-7', 0),
(2, 'B-8', 0),
(2, 'B-9', 0),
(2, 'C-1', 0),
(2, 'C-10', 0),
(2, 'C-11', 0),
(2, 'C-12', 0),
(2, 'C-13', 0),
(2, 'C-14', 0),
(2, 'C-15', 0),
(2, 'C-16', 0),
(2, 'C-17', 0),
(2, 'C-18', 0),
(2, 'C-19', 0),
(2, 'C-2', 0),
(2, 'C-20', 0),
(2, 'C-21', 0),
(2, 'C-22', 0),
(2, 'C-23', 0),
(2, 'C-24', 0),
(2, 'C-25', 0),
(2, 'C-26', 0),
(2, 'C-27', 0),
(2, 'C-28', 0),
(2, 'C-29', 0),
(2, 'C-3', 0),
(2, 'C-30', 0),
(2, 'C-31', 0),
(2, 'C-32', 0),
(2, 'C-33', 0),
(2, 'C-4', 0),
(2, 'C-5', 0),
(2, 'C-6', 0),
(2, 'C-7', 0),
(2, 'C-8', 0),
(2, 'C-9', 0),
(2, 'D-1', 0),
(2, 'D-10', 0),
(2, 'D-11', 0),
(2, 'D-12', 0),
(2, 'D-13', 0),
(2, 'D-14', 0),
(2, 'D-15', 0),
(2, 'D-16', 0),
(2, 'D-17', 0),
(2, 'D-18', 0),
(2, 'D-19', 0),
(2, 'D-2', 0),
(2, 'D-20', 0),
(2, 'D-21', 0),
(2, 'D-22', 0),
(2, 'D-23', 0),
(2, 'D-24', 0),
(2, 'D-25', 0),
(2, 'D-26', 0),
(2, 'D-27', 0),
(2, 'D-28', 0),
(2, 'D-29', 0),
(2, 'D-3', 0),
(2, 'D-30', 0),
(2, 'D-31', 0),
(2, 'D-32', 0),
(2, 'D-33', 0),
(2, 'D-4', 0),
(2, 'D-5', 0),
(2, 'D-6', 0),
(2, 'D-7', 0),
(2, 'D-8', 0),
(2, 'D-9', 0),
(2, 'E-1', 0),
(2, 'E-10', 0),
(2, 'E-11', 0),
(2, 'E-12', 0),
(2, 'E-13', 0),
(2, 'E-14', 0),
(2, 'E-15', 0),
(2, 'E-16', 0),
(2, 'E-17', 0),
(2, 'E-18', 0),
(2, 'E-19', 0),
(2, 'E-2', 0),
(2, 'E-20', 0),
(2, 'E-21', 0),
(2, 'E-22', 0),
(2, 'E-23', 0),
(2, 'E-24', 0),
(2, 'E-25', 0),
(2, 'E-26', 0),
(2, 'E-27', 0),
(2, 'E-28', 0),
(2, 'E-29', 0),
(2, 'E-3', 0),
(2, 'E-30', 0),
(2, 'E-31', 0),
(2, 'E-32', 0),
(2, 'E-33', 0),
(2, 'E-4', 0),
(2, 'E-5', 0),
(2, 'E-6', 0),
(2, 'E-7', 0),
(2, 'E-8', 0),
(2, 'E-9', 0),
(2, 'F-10', 0),
(2, 'F-11', 0),
(2, 'F-12', 0),
(2, 'F-13', 0),
(2, 'F-14', 0),
(2, 'F-15', 0),
(2, 'F-16', 0),
(2, 'F-17', 0),
(2, 'F-18', 0),
(2, 'F-19', 0),
(2, 'F-20', 0),
(2, 'F-21', 0),
(2, 'F-22', 0),
(2, 'F-23', 0),
(2, 'F-24', 0),
(2, 'F-25', 0),
(2, 'F-26', 0),
(2, 'F-27', 0),
(2, 'F-28', 0),
(2, 'F-29', 0),
(2, 'F-3', 2),
(2, 'F-30', 2),
(2, 'F-31', 2),
(2, 'F-4', 2),
(2, 'F-5', 0),
(2, 'F-6', 0),
(2, 'F-7', 0),
(2, 'F-8', 0),
(2, 'F-9', 0),
(2, 'G-10', 1),
(2, 'G-12', 1),
(2, 'G-14', 1),
(2, 'G-16', 1),
(2, 'G-18', 1),
(2, 'G-20', 1),
(2, 'G-22', 1),
(2, 'G-24', 1),
(2, 'G-26', 0),
(2, 'G-27', 0),
(2, 'G-28', 0),
(2, 'G-29', 0),
(2, 'G-5', 0),
(2, 'G-6', 0),
(2, 'G-7', 0),
(2, 'G-8', 0),
(2, 'G-9', 0),
(2, 'H-10', 0),
(2, 'H-11', 0),
(2, 'H-12', 0),
(2, 'H-13', 0),
(2, 'H-14', 0),
(2, 'H-15', 0),
(2, 'H-16', 0),
(2, 'H-17', 0),
(2, 'H-18', 0),
(2, 'H-19', 0),
(2, 'H-20', 0),
(2, 'H-21', 0),
(2, 'H-22', 0),
(2, 'H-23', 0),
(2, 'H-24', 0),
(2, 'H-25', 0),
(2, 'H-26', 0),
(2, 'H-27', 0),
(2, 'H-28', 0),
(2, 'H-29', 0),
(2, 'H-5', 0),
(2, 'H-6', 0),
(2, 'H-7', 0),
(2, 'H-8', 0),
(2, 'H-9', 0),
(2, 'I-1', 0),
(2, 'I-10', 0),
(2, 'I-11', 0),
(2, 'I-12', 0),
(2, 'I-13', 0),
(2, 'I-14', 0),
(2, 'I-15', 0),
(2, 'I-16', 0),
(2, 'I-17', 0),
(2, 'I-18', 0),
(2, 'I-19', 0),
(2, 'I-2', 0),
(2, 'I-20', 0),
(2, 'I-21', 0),
(2, 'I-22', 0),
(2, 'I-23', 0),
(2, 'I-24', 0),
(2, 'I-25', 0),
(2, 'I-26', 0),
(2, 'I-27', 0),
(2, 'I-28', 0),
(2, 'I-29', 0),
(2, 'I-3', 0),
(2, 'I-30', 0),
(2, 'I-31', 0),
(2, 'I-32', 0),
(2, 'I-33', 0),
(2, 'I-4', 0),
(2, 'I-5', 0),
(2, 'I-6', 0),
(2, 'I-7', 0),
(2, 'I-8', 0),
(2, 'I-9', 0),
(2, 'J-10', 0),
(2, 'J-11', 0),
(2, 'J-12', 0),
(2, 'J-13', 0),
(2, 'J-14', 0),
(2, 'J-15', 0),
(2, 'J-16', 0),
(2, 'J-17', 0),
(2, 'J-18', 0),
(2, 'J-19', 0),
(2, 'J-20', 0),
(2, 'J-21', 0),
(2, 'J-22', 0),
(2, 'J-23', 0),
(2, 'J-24', 0),
(2, 'J-25', 0),
(2, 'J-26', 0),
(2, 'J-27', 0),
(2, 'J-28', 0),
(2, 'J-29', 0),
(2, 'J-30', 0),
(2, 'J-5', 0),
(2, 'J-6', 0),
(2, 'J-7', 0),
(2, 'J-8', 0),
(2, 'J-9', 0),
(3, 'A-1', 0),
(3, 'A-10', 0),
(3, 'A-11', 0),
(3, 'A-12', 0),
(3, 'A-13', 0),
(3, 'A-14', 0),
(3, 'A-15', 0),
(3, 'A-16', 0),
(3, 'A-17', 0),
(3, 'A-18', 0),
(3, 'A-19', 0),
(3, 'A-2', 0),
(3, 'A-20', 0),
(3, 'A-21', 0),
(3, 'A-22', 0),
(3, 'A-23', 0),
(3, 'A-24', 0),
(3, 'A-25', 0),
(3, 'A-26', 0),
(3, 'A-27', 0),
(3, 'A-28', 0),
(3, 'A-29', 0),
(3, 'A-3', 0),
(3, 'A-30', 0),
(3, 'A-31', 0),
(3, 'A-32', 0),
(3, 'A-33', 0),
(3, 'A-4', 0),
(3, 'A-5', 0),
(3, 'A-6', 0),
(3, 'A-7', 0),
(3, 'A-8', 0),
(3, 'A-9', 0),
(3, 'B-1', 0),
(3, 'B-10', 0),
(3, 'B-11', 0),
(3, 'B-12', 0),
(3, 'B-13', 0),
(3, 'B-14', 0),
(3, 'B-15', 0),
(3, 'B-16', 0),
(3, 'B-17', 0),
(3, 'B-18', 0),
(3, 'B-19', 0),
(3, 'B-2', 0),
(3, 'B-20', 0),
(3, 'B-21', 0),
(3, 'B-22', 0),
(3, 'B-23', 0),
(3, 'B-24', 0),
(3, 'B-25', 0),
(3, 'B-26', 0),
(3, 'B-27', 0),
(3, 'B-28', 0),
(3, 'B-29', 0),
(3, 'B-3', 0),
(3, 'B-30', 0),
(3, 'B-31', 0),
(3, 'B-32', 0),
(3, 'B-33', 0),
(3, 'B-4', 0),
(3, 'B-5', 0),
(3, 'B-6', 0),
(3, 'B-7', 0),
(3, 'B-8', 0),
(3, 'B-9', 0),
(3, 'C-1', 0),
(3, 'C-10', 0),
(3, 'C-11', 0),
(3, 'C-12', 0),
(3, 'C-13', 0),
(3, 'C-14', 0),
(3, 'C-15', 0),
(3, 'C-16', 0),
(3, 'C-17', 0),
(3, 'C-18', 0),
(3, 'C-19', 0),
(3, 'C-2', 0),
(3, 'C-20', 0),
(3, 'C-21', 0),
(3, 'C-22', 0),
(3, 'C-23', 0),
(3, 'C-24', 0),
(3, 'C-25', 0),
(3, 'C-26', 0),
(3, 'C-27', 0),
(3, 'C-28', 0),
(3, 'C-29', 0),
(3, 'C-3', 0),
(3, 'C-30', 0),
(3, 'C-31', 0),
(3, 'C-32', 0),
(3, 'C-33', 0),
(3, 'C-4', 0),
(3, 'C-5', 0),
(3, 'C-6', 0),
(3, 'C-7', 0),
(3, 'C-8', 0),
(3, 'C-9', 0),
(3, 'D-1', 0),
(3, 'D-10', 0),
(3, 'D-11', 0),
(3, 'D-12', 0),
(3, 'D-13', 0),
(3, 'D-14', 0),
(3, 'D-15', 0),
(3, 'D-16', 0),
(3, 'D-17', 0),
(3, 'D-18', 0),
(3, 'D-19', 0),
(3, 'D-2', 0),
(3, 'D-20', 0),
(3, 'D-21', 0),
(3, 'D-22', 0),
(3, 'D-23', 0),
(3, 'D-24', 0),
(3, 'D-25', 0),
(3, 'D-26', 0),
(3, 'D-27', 0),
(3, 'D-28', 0),
(3, 'D-29', 0),
(3, 'D-3', 0),
(3, 'D-30', 0),
(3, 'D-31', 0),
(3, 'D-32', 0),
(3, 'D-33', 0),
(3, 'D-4', 0),
(3, 'D-5', 0),
(3, 'D-6', 0),
(3, 'D-7', 0),
(3, 'D-8', 0),
(3, 'D-9', 0),
(3, 'E-1', 0),
(3, 'E-10', 0),
(3, 'E-11', 0),
(3, 'E-12', 0),
(3, 'E-13', 0),
(3, 'E-14', 0),
(3, 'E-15', 0),
(3, 'E-16', 0),
(3, 'E-17', 0),
(3, 'E-18', 0),
(3, 'E-19', 0),
(3, 'E-2', 0),
(3, 'E-20', 0),
(3, 'E-21', 0),
(3, 'E-22', 0),
(3, 'E-23', 0),
(3, 'E-24', 0),
(3, 'E-25', 0),
(3, 'E-26', 0),
(3, 'E-27', 0),
(3, 'E-28', 0),
(3, 'E-29', 0),
(3, 'E-3', 0),
(3, 'E-30', 0),
(3, 'E-31', 0),
(3, 'E-32', 0),
(3, 'E-33', 0),
(3, 'E-4', 0),
(3, 'E-5', 0),
(3, 'E-6', 0),
(3, 'E-7', 0),
(3, 'E-8', 0),
(3, 'E-9', 0),
(3, 'F-10', 0),
(3, 'F-11', 0),
(3, 'F-12', 0),
(3, 'F-13', 0),
(3, 'F-14', 0),
(3, 'F-15', 0),
(3, 'F-16', 0),
(3, 'F-17', 0),
(3, 'F-18', 0),
(3, 'F-19', 0),
(3, 'F-20', 0),
(3, 'F-21', 0),
(3, 'F-22', 0),
(3, 'F-23', 0),
(3, 'F-24', 0),
(3, 'F-25', 0),
(3, 'F-26', 0),
(3, 'F-27', 0),
(3, 'F-28', 0),
(3, 'F-29', 0),
(3, 'F-3', 2),
(3, 'F-30', 2),
(3, 'F-31', 2),
(3, 'F-4', 2),
(3, 'F-5', 0),
(3, 'F-6', 0),
(3, 'F-7', 0),
(3, 'F-8', 0),
(3, 'F-9', 0),
(3, 'G-10', 1),
(3, 'G-12', 1),
(3, 'G-14', 1),
(3, 'G-16', 1),
(3, 'G-18', 1),
(3, 'G-20', 1),
(3, 'G-22', 1),
(3, 'G-24', 1),
(3, 'G-26', 0),
(3, 'G-27', 0),
(3, 'G-28', 0),
(3, 'G-29', 0),
(3, 'G-5', 0),
(3, 'G-6', 0),
(3, 'G-7', 0),
(3, 'G-8', 0),
(3, 'G-9', 0),
(3, 'H-10', 0),
(3, 'H-11', 0),
(3, 'H-12', 0),
(3, 'H-13', 0),
(3, 'H-14', 0),
(3, 'H-15', 0),
(3, 'H-16', 0),
(3, 'H-17', 0),
(3, 'H-18', 0),
(3, 'H-19', 0),
(3, 'H-20', 0),
(3, 'H-21', 0),
(3, 'H-22', 0),
(3, 'H-23', 0),
(3, 'H-24', 0),
(3, 'H-25', 0),
(3, 'H-26', 0),
(3, 'H-27', 0),
(3, 'H-28', 0),
(3, 'H-29', 0),
(3, 'H-5', 0),
(3, 'H-6', 0),
(3, 'H-7', 0),
(3, 'H-8', 0),
(3, 'H-9', 0),
(3, 'I-1', 0),
(3, 'I-10', 0),
(3, 'I-11', 0),
(3, 'I-12', 0),
(3, 'I-13', 0),
(3, 'I-14', 0),
(3, 'I-15', 0),
(3, 'I-16', 0),
(3, 'I-17', 0),
(3, 'I-18', 0),
(3, 'I-19', 0),
(3, 'I-2', 0),
(3, 'I-20', 0),
(3, 'I-21', 0),
(3, 'I-22', 0),
(3, 'I-23', 0),
(3, 'I-24', 0),
(3, 'I-25', 0),
(3, 'I-26', 0),
(3, 'I-27', 0),
(3, 'I-28', 0),
(3, 'I-29', 0),
(3, 'I-3', 0),
(3, 'I-30', 0),
(3, 'I-31', 0),
(3, 'I-32', 0),
(3, 'I-33', 0),
(3, 'I-4', 0),
(3, 'I-5', 0),
(3, 'I-6', 0),
(3, 'I-7', 0),
(3, 'I-8', 0),
(3, 'I-9', 0),
(3, 'J-10', 0),
(3, 'J-11', 0),
(3, 'J-12', 0),
(3, 'J-13', 0),
(3, 'J-14', 0),
(3, 'J-15', 0),
(3, 'J-16', 0),
(3, 'J-17', 0),
(3, 'J-18', 0),
(3, 'J-19', 0),
(3, 'J-20', 0),
(3, 'J-21', 0),
(3, 'J-22', 0),
(3, 'J-23', 0),
(3, 'J-24', 0),
(3, 'J-25', 0),
(3, 'J-26', 0),
(3, 'J-27', 0),
(3, 'J-28', 0),
(3, 'J-29', 0),
(3, 'J-30', 0),
(3, 'J-5', 0),
(3, 'J-6', 0),
(3, 'J-7', 0),
(3, 'J-8', 0),
(3, 'J-9', 0),
(4, 'A-10', 0),
(4, 'A-11', 0),
(4, 'A-12', 0),
(4, 'A-13', 0),
(4, 'A-14', 0),
(4, 'A-15', 0),
(4, 'A-16', 0),
(4, 'A-17', 0),
(4, 'A-18', 0),
(4, 'A-19', 0),
(4, 'A-20', 0),
(4, 'A-21', 0),
(4, 'A-22', 0),
(4, 'A-23', 0),
(4, 'A-24', 0),
(4, 'A-25', 0),
(4, 'A-26', 0),
(4, 'A-27', 0),
(4, 'A-28', 0),
(4, 'A-29', 0),
(4, 'A-3', 2),
(4, 'A-30', 2),
(4, 'A-31', 2),
(4, 'A-4', 2),
(4, 'A-5', 0),
(4, 'A-6', 0),
(4, 'A-7', 0),
(4, 'A-8', 0),
(4, 'A-9', 0),
(4, 'B-1', 0),
(4, 'B-10', 0),
(4, 'B-11', 0),
(4, 'B-12', 0),
(4, 'B-13', 0),
(4, 'B-14', 0),
(4, 'B-15', 0),
(4, 'B-16', 0),
(4, 'B-17', 0),
(4, 'B-18', 0),
(4, 'B-19', 0),
(4, 'B-2', 0),
(4, 'B-20', 0),
(4, 'B-21', 0),
(4, 'B-22', 0),
(4, 'B-23', 0),
(4, 'B-24', 0),
(4, 'B-25', 0),
(4, 'B-26', 0),
(4, 'B-27', 0),
(4, 'B-28', 0),
(4, 'B-29', 0),
(4, 'B-3', 0),
(4, 'B-30', 0),
(4, 'B-31', 0),
(4, 'B-32', 0),
(4, 'B-33', 0),
(4, 'B-4', 0),
(4, 'B-5', 0),
(4, 'B-6', 0),
(4, 'B-7', 0),
(4, 'B-8', 0),
(4, 'B-9', 0),
(4, 'C-1', 0),
(4, 'C-10', 0),
(4, 'C-11', 0),
(4, 'C-12', 0),
(4, 'C-13', 0),
(4, 'C-14', 0),
(4, 'C-15', 0),
(4, 'C-16', 0),
(4, 'C-17', 0),
(4, 'C-18', 0),
(4, 'C-19', 0),
(4, 'C-2', 0),
(4, 'C-20', 0),
(4, 'C-21', 0),
(4, 'C-22', 0),
(4, 'C-23', 0),
(4, 'C-24', 0),
(4, 'C-25', 0),
(4, 'C-26', 0),
(4, 'C-27', 0),
(4, 'C-28', 0),
(4, 'C-29', 0),
(4, 'C-3', 0),
(4, 'C-30', 0),
(4, 'C-31', 0),
(4, 'C-32', 0),
(4, 'C-33', 0),
(4, 'C-4', 0),
(4, 'C-5', 0),
(4, 'C-6', 0),
(4, 'C-7', 0),
(4, 'C-8', 0),
(4, 'C-9', 0),
(4, 'D-1', 0),
(4, 'D-10', 0),
(4, 'D-11', 0),
(4, 'D-12', 0),
(4, 'D-13', 0),
(4, 'D-14', 0),
(4, 'D-15', 0),
(4, 'D-16', 0),
(4, 'D-17', 0),
(4, 'D-18', 0),
(4, 'D-19', 0),
(4, 'D-2', 0),
(4, 'D-20', 0),
(4, 'D-21', 0),
(4, 'D-22', 0),
(4, 'D-23', 0),
(4, 'D-24', 0),
(4, 'D-25', 0),
(4, 'D-26', 0),
(4, 'D-27', 0),
(4, 'D-28', 0),
(4, 'D-29', 0),
(4, 'D-3', 0),
(4, 'D-30', 0),
(4, 'D-31', 0),
(4, 'D-32', 0),
(4, 'D-33', 0),
(4, 'D-4', 0),
(4, 'D-5', 0),
(4, 'D-6', 0),
(4, 'D-7', 0),
(4, 'D-8', 0),
(4, 'D-9', 0),
(4, 'E-1', 0),
(4, 'E-10', 0),
(4, 'E-11', 0),
(4, 'E-12', 0),
(4, 'E-13', 0),
(4, 'E-14', 0),
(4, 'E-15', 0),
(4, 'E-16', 0),
(4, 'E-17', 0),
(4, 'E-18', 0),
(4, 'E-19', 0),
(4, 'E-2', 0),
(4, 'E-20', 0),
(4, 'E-21', 0),
(4, 'E-22', 0),
(4, 'E-23', 0),
(4, 'E-24', 0),
(4, 'E-25', 0),
(4, 'E-26', 0),
(4, 'E-27', 0),
(4, 'E-28', 0),
(4, 'E-29', 0),
(4, 'E-3', 0),
(4, 'E-30', 0),
(4, 'E-31', 0),
(4, 'E-32', 0),
(4, 'E-33', 0),
(4, 'E-4', 0),
(4, 'E-5', 0),
(4, 'E-6', 0),
(4, 'E-7', 0),
(4, 'E-8', 0),
(4, 'E-9', 0),
(4, 'F-10', 0),
(4, 'F-11', 0),
(4, 'F-12', 0),
(4, 'F-13', 0),
(4, 'F-14', 0),
(4, 'F-15', 0),
(4, 'F-16', 0),
(4, 'F-17', 0),
(4, 'F-18', 0),
(4, 'F-19', 0),
(4, 'F-20', 0),
(4, 'F-21', 0),
(4, 'F-22', 0),
(4, 'F-23', 0),
(4, 'F-24', 0),
(4, 'F-25', 0),
(4, 'F-26', 0),
(4, 'F-27', 0),
(4, 'F-28', 0),
(4, 'F-29', 0),
(4, 'F-3', 0),
(4, 'F-30', 0),
(4, 'F-31', 0),
(4, 'F-32', 0),
(4, 'F-4', 0),
(4, 'F-5', 0),
(4, 'F-6', 0),
(4, 'F-7', 0),
(4, 'F-8', 0),
(4, 'F-9', 0),
(4, 'G-13', 1),
(4, 'G-15', 1),
(4, 'G-17', 1),
(4, 'G-19', 1),
(4, 'G-21', 1),
(5, 'A-10', 0),
(5, 'A-11', 0),
(5, 'A-12', 0),
(5, 'A-13', 0),
(5, 'A-14', 0),
(5, 'A-15', 0),
(5, 'A-16', 0),
(5, 'A-17', 0),
(5, 'A-18', 0),
(5, 'A-19', 0),
(5, 'A-20', 0),
(5, 'A-21', 0),
(5, 'A-22', 0),
(5, 'A-23', 0),
(5, 'A-24', 0),
(5, 'A-25', 0),
(5, 'A-26', 0),
(5, 'A-27', 0),
(5, 'A-28', 0),
(5, 'A-29', 0),
(5, 'A-3', 2),
(5, 'A-30', 2),
(5, 'A-31', 2),
(5, 'A-4', 2),
(5, 'A-5', 0),
(5, 'A-6', 0),
(5, 'A-7', 0),
(5, 'A-8', 0),
(5, 'A-9', 0),
(5, 'B-1', 0),
(5, 'B-10', 0),
(5, 'B-11', 0),
(5, 'B-12', 0),
(5, 'B-13', 0),
(5, 'B-14', 0),
(5, 'B-15', 0),
(5, 'B-16', 0),
(5, 'B-17', 0),
(5, 'B-18', 0),
(5, 'B-19', 0),
(5, 'B-2', 0),
(5, 'B-20', 0),
(5, 'B-21', 0),
(5, 'B-22', 0),
(5, 'B-23', 0),
(5, 'B-24', 0),
(5, 'B-25', 0),
(5, 'B-26', 0),
(5, 'B-27', 0),
(5, 'B-28', 0),
(5, 'B-29', 0),
(5, 'B-3', 0),
(5, 'B-30', 0),
(5, 'B-31', 0),
(5, 'B-32', 0),
(5, 'B-33', 0),
(5, 'B-4', 0),
(5, 'B-5', 0),
(5, 'B-6', 0),
(5, 'B-7', 0),
(5, 'B-8', 0),
(5, 'B-9', 0),
(5, 'C-1', 0),
(5, 'C-10', 0),
(5, 'C-11', 0),
(5, 'C-12', 0),
(5, 'C-13', 0),
(5, 'C-14', 0),
(5, 'C-15', 0),
(5, 'C-16', 0),
(5, 'C-17', 0),
(5, 'C-18', 0),
(5, 'C-19', 0),
(5, 'C-2', 0),
(5, 'C-20', 0),
(5, 'C-21', 0),
(5, 'C-22', 0),
(5, 'C-23', 0),
(5, 'C-24', 0),
(5, 'C-25', 0),
(5, 'C-26', 0),
(5, 'C-27', 0),
(5, 'C-28', 0),
(5, 'C-29', 0),
(5, 'C-3', 0),
(5, 'C-30', 0),
(5, 'C-31', 0),
(5, 'C-32', 0),
(5, 'C-33', 0),
(5, 'C-4', 0),
(5, 'C-5', 0),
(5, 'C-6', 0),
(5, 'C-7', 0),
(5, 'C-8', 0),
(5, 'C-9', 0),
(5, 'D-1', 0),
(5, 'D-10', 0),
(5, 'D-11', 0),
(5, 'D-12', 0),
(5, 'D-13', 0),
(5, 'D-14', 0),
(5, 'D-15', 0),
(5, 'D-16', 0),
(5, 'D-17', 0),
(5, 'D-18', 0),
(5, 'D-19', 0),
(5, 'D-2', 0),
(5, 'D-20', 0),
(5, 'D-21', 0),
(5, 'D-22', 0),
(5, 'D-23', 0),
(5, 'D-24', 0),
(5, 'D-25', 0),
(5, 'D-26', 0),
(5, 'D-27', 0),
(5, 'D-28', 0),
(5, 'D-29', 0),
(5, 'D-3', 0),
(5, 'D-30', 0),
(5, 'D-31', 0),
(5, 'D-32', 0),
(5, 'D-33', 0),
(5, 'D-4', 0),
(5, 'D-5', 0),
(5, 'D-6', 0),
(5, 'D-7', 0),
(5, 'D-8', 0),
(5, 'D-9', 0),
(5, 'E-1', 0),
(5, 'E-10', 0),
(5, 'E-11', 0),
(5, 'E-12', 0),
(5, 'E-13', 0),
(5, 'E-14', 0),
(5, 'E-15', 0),
(5, 'E-16', 0),
(5, 'E-17', 0),
(5, 'E-18', 0),
(5, 'E-19', 0),
(5, 'E-2', 0),
(5, 'E-20', 0),
(5, 'E-21', 0),
(5, 'E-22', 0),
(5, 'E-23', 0),
(5, 'E-24', 0),
(5, 'E-25', 0),
(5, 'E-26', 0),
(5, 'E-27', 0),
(5, 'E-28', 0),
(5, 'E-29', 0),
(5, 'E-3', 0),
(5, 'E-30', 0),
(5, 'E-31', 0),
(5, 'E-32', 0),
(5, 'E-33', 0),
(5, 'E-4', 0),
(5, 'E-5', 0),
(5, 'E-6', 0),
(5, 'E-7', 0),
(5, 'E-8', 0),
(5, 'E-9', 0),
(5, 'F-10', 0),
(5, 'F-11', 0),
(5, 'F-12', 0),
(5, 'F-13', 0),
(5, 'F-14', 0),
(5, 'F-15', 0),
(5, 'F-16', 0),
(5, 'F-17', 0),
(5, 'F-18', 0),
(5, 'F-19', 0),
(5, 'F-20', 0),
(5, 'F-21', 0),
(5, 'F-22', 0),
(5, 'F-23', 0),
(5, 'F-24', 0),
(5, 'F-25', 0),
(5, 'F-26', 0),
(5, 'F-27', 0),
(5, 'F-28', 0),
(5, 'F-29', 0),
(5, 'F-3', 0),
(5, 'F-30', 0),
(5, 'F-31', 0),
(5, 'F-32', 0),
(5, 'F-4', 0),
(5, 'F-5', 0),
(5, 'F-6', 0),
(5, 'F-7', 0),
(5, 'F-8', 0),
(5, 'F-9', 0),
(5, 'G-13', 1),
(5, 'G-15', 1),
(5, 'G-17', 1),
(5, 'G-19', 1),
(5, 'G-21', 1),
(6, 'A-10', 0),
(6, 'A-11', 0),
(6, 'A-12', 0),
(6, 'A-13', 0),
(6, 'A-14', 0),
(6, 'A-15', 0),
(6, 'A-16', 0),
(6, 'A-17', 0),
(6, 'A-18', 0),
(6, 'A-19', 0),
(6, 'A-20', 0),
(6, 'A-21', 0),
(6, 'A-22', 0),
(6, 'A-23', 0),
(6, 'A-24', 0),
(6, 'A-25', 0),
(6, 'A-26', 0),
(6, 'A-27', 0),
(6, 'A-28', 0),
(6, 'A-29', 0),
(6, 'A-3', 2),
(6, 'A-30', 2),
(6, 'A-31', 2),
(6, 'A-4', 2),
(6, 'A-5', 0),
(6, 'A-6', 0),
(6, 'A-7', 0),
(6, 'A-8', 0),
(6, 'A-9', 0),
(6, 'B-1', 0),
(6, 'B-10', 0),
(6, 'B-11', 0),
(6, 'B-12', 0),
(6, 'B-13', 0),
(6, 'B-14', 0),
(6, 'B-15', 0),
(6, 'B-16', 0),
(6, 'B-17', 0),
(6, 'B-18', 0),
(6, 'B-19', 0),
(6, 'B-2', 0),
(6, 'B-20', 0),
(6, 'B-21', 0),
(6, 'B-22', 0),
(6, 'B-23', 0),
(6, 'B-24', 0),
(6, 'B-25', 0),
(6, 'B-26', 0),
(6, 'B-27', 0),
(6, 'B-28', 0),
(6, 'B-29', 0),
(6, 'B-3', 0),
(6, 'B-30', 0),
(6, 'B-31', 0),
(6, 'B-32', 0),
(6, 'B-33', 0),
(6, 'B-4', 0),
(6, 'B-5', 0),
(6, 'B-6', 0),
(6, 'B-7', 0),
(6, 'B-8', 0),
(6, 'B-9', 0),
(6, 'C-1', 0),
(6, 'C-10', 0),
(6, 'C-11', 0),
(6, 'C-12', 0),
(6, 'C-13', 0),
(6, 'C-14', 0),
(6, 'C-15', 0),
(6, 'C-16', 0),
(6, 'C-17', 0),
(6, 'C-18', 0),
(6, 'C-19', 0),
(6, 'C-2', 0),
(6, 'C-20', 0),
(6, 'C-21', 0),
(6, 'C-22', 0),
(6, 'C-23', 0),
(6, 'C-24', 0),
(6, 'C-25', 0),
(6, 'C-26', 0),
(6, 'C-27', 0),
(6, 'C-28', 0),
(6, 'C-29', 0),
(6, 'C-3', 0),
(6, 'C-30', 0),
(6, 'C-31', 0),
(6, 'C-32', 0),
(6, 'C-33', 0),
(6, 'C-4', 0),
(6, 'C-5', 0),
(6, 'C-6', 0),
(6, 'C-7', 0),
(6, 'C-8', 0),
(6, 'C-9', 0),
(6, 'D-1', 0),
(6, 'D-10', 0),
(6, 'D-11', 0),
(6, 'D-12', 0),
(6, 'D-13', 0),
(6, 'D-14', 0),
(6, 'D-15', 0),
(6, 'D-16', 0),
(6, 'D-17', 0),
(6, 'D-18', 0),
(6, 'D-19', 0),
(6, 'D-2', 0),
(6, 'D-20', 0),
(6, 'D-21', 0),
(6, 'D-22', 0),
(6, 'D-23', 0),
(6, 'D-24', 0),
(6, 'D-25', 0),
(6, 'D-26', 0),
(6, 'D-27', 0),
(6, 'D-28', 0),
(6, 'D-29', 0),
(6, 'D-3', 0),
(6, 'D-30', 0),
(6, 'D-31', 0),
(6, 'D-32', 0),
(6, 'D-33', 0),
(6, 'D-4', 0),
(6, 'D-5', 0),
(6, 'D-6', 0),
(6, 'D-7', 0),
(6, 'D-8', 0),
(6, 'D-9', 0),
(6, 'E-1', 0),
(6, 'E-10', 0),
(6, 'E-11', 0),
(6, 'E-12', 0),
(6, 'E-13', 0),
(6, 'E-14', 0),
(6, 'E-15', 0),
(6, 'E-16', 0),
(6, 'E-17', 0),
(6, 'E-18', 0),
(6, 'E-19', 0),
(6, 'E-2', 0),
(6, 'E-20', 0),
(6, 'E-21', 0),
(6, 'E-22', 0),
(6, 'E-23', 0),
(6, 'E-24', 0),
(6, 'E-25', 0),
(6, 'E-26', 0),
(6, 'E-27', 0),
(6, 'E-28', 0),
(6, 'E-29', 0),
(6, 'E-3', 0),
(6, 'E-30', 0),
(6, 'E-31', 0),
(6, 'E-32', 0),
(6, 'E-33', 0),
(6, 'E-4', 0),
(6, 'E-5', 0),
(6, 'E-6', 0),
(6, 'E-7', 0),
(6, 'E-8', 0),
(6, 'E-9', 0),
(6, 'F-10', 0),
(6, 'F-11', 0),
(6, 'F-12', 0),
(6, 'F-13', 0),
(6, 'F-14', 0),
(6, 'F-15', 0),
(6, 'F-16', 0),
(6, 'F-17', 0),
(6, 'F-18', 0),
(6, 'F-19', 0),
(6, 'F-20', 0),
(6, 'F-21', 0),
(6, 'F-22', 0),
(6, 'F-23', 0),
(6, 'F-24', 0),
(6, 'F-25', 0),
(6, 'F-26', 0),
(6, 'F-27', 0),
(6, 'F-28', 0),
(6, 'F-29', 0),
(6, 'F-3', 0),
(6, 'F-30', 0),
(6, 'F-31', 0),
(6, 'F-32', 0),
(6, 'F-4', 0),
(6, 'F-5', 0),
(6, 'F-6', 0),
(6, 'F-7', 0),
(6, 'F-8', 0),
(6, 'F-9', 0),
(6, 'G-13', 1),
(6, 'G-15', 1),
(6, 'G-17', 1),
(6, 'G-19', 1),
(6, 'G-21', 1),
(7, 'A-1', 0),
(7, 'A-10', 0),
(7, 'A-11', 0),
(7, 'A-12', 0),
(7, 'A-13', 0),
(7, 'A-14', 0),
(7, 'A-15', 0),
(7, 'A-16', 0),
(7, 'A-17', 0),
(7, 'A-18', 0),
(7, 'A-19', 0),
(7, 'A-2', 0),
(7, 'A-20', 0),
(7, 'A-3', 0),
(7, 'A-4', 0),
(7, 'A-5', 0),
(7, 'A-6', 0),
(7, 'A-7', 0),
(7, 'A-8', 0),
(7, 'A-9', 0),
(7, 'B-1', 0),
(7, 'B-10', 0),
(7, 'B-11', 0),
(7, 'B-12', 0),
(7, 'B-13', 0),
(7, 'B-14', 0),
(7, 'B-15', 0),
(7, 'B-16', 0),
(7, 'B-17', 0),
(7, 'B-18', 0),
(7, 'B-19', 0),
(7, 'B-2', 0),
(7, 'B-20', 0),
(7, 'B-3', 0),
(7, 'B-4', 0),
(7, 'B-5', 0),
(7, 'B-6', 0),
(7, 'B-7', 0),
(7, 'B-8', 0),
(7, 'B-9', 0),
(7, 'C-1', 0),
(7, 'C-10', 0),
(7, 'C-11', 0),
(7, 'C-12', 0),
(7, 'C-13', 0),
(7, 'C-14', 0),
(7, 'C-15', 0),
(7, 'C-16', 0),
(7, 'C-17', 0),
(7, 'C-18', 0),
(7, 'C-19', 0),
(7, 'C-2', 0),
(7, 'C-20', 0),
(7, 'C-3', 0),
(7, 'C-4', 0),
(7, 'C-5', 0),
(7, 'C-6', 0),
(7, 'C-7', 0),
(7, 'C-8', 0),
(7, 'C-9', 0),
(7, 'D-1', 0),
(7, 'D-10', 0),
(7, 'D-11', 0),
(7, 'D-12', 0),
(7, 'D-13', 0),
(7, 'D-14', 0),
(7, 'D-15', 0),
(7, 'D-16', 0),
(7, 'D-17', 0),
(7, 'D-18', 0),
(7, 'D-19', 0),
(7, 'D-2', 0),
(7, 'D-20', 0),
(7, 'D-3', 0),
(7, 'D-4', 0),
(7, 'D-5', 0),
(7, 'D-6', 0),
(7, 'D-7', 0),
(7, 'D-8', 0),
(7, 'D-9', 0),
(7, 'E-1', 2),
(7, 'E-10', 0),
(7, 'E-11', 0),
(7, 'E-12', 0),
(7, 'E-13', 0),
(7, 'E-14', 0),
(7, 'E-15', 0),
(7, 'E-16', 0),
(7, 'E-17', 0),
(7, 'E-18', 0),
(7, 'E-19', 2),
(7, 'E-2', 2),
(7, 'E-20', 2),
(7, 'E-3', 0),
(7, 'E-4', 0),
(7, 'E-5', 0),
(7, 'E-6', 0),
(7, 'E-7', 0),
(7, 'E-8', 0),
(7, 'E-9', 0),
(8, 'A-1', 0),
(8, 'A-10', 0),
(8, 'A-11', 0),
(8, 'A-12', 0),
(8, 'A-13', 0),
(8, 'A-14', 0),
(8, 'A-15', 0),
(8, 'A-16', 0),
(8, 'A-17', 0),
(8, 'A-18', 0),
(8, 'A-19', 0),
(8, 'A-2', 0),
(8, 'A-20', 0),
(8, 'A-3', 0),
(8, 'A-4', 0),
(8, 'A-5', 0),
(8, 'A-6', 0),
(8, 'A-7', 0),
(8, 'A-8', 0),
(8, 'A-9', 0),
(8, 'B-1', 0),
(8, 'B-10', 0),
(8, 'B-11', 0),
(8, 'B-12', 0),
(8, 'B-13', 0),
(8, 'B-14', 0),
(8, 'B-15', 0),
(8, 'B-16', 0),
(8, 'B-17', 0),
(8, 'B-18', 0),
(8, 'B-19', 0),
(8, 'B-2', 0),
(8, 'B-20', 0),
(8, 'B-3', 0),
(8, 'B-4', 0),
(8, 'B-5', 0),
(8, 'B-6', 0),
(8, 'B-7', 0),
(8, 'B-8', 0),
(8, 'B-9', 0),
(8, 'C-1', 0),
(8, 'C-10', 0),
(8, 'C-11', 0),
(8, 'C-12', 0),
(8, 'C-13', 0),
(8, 'C-14', 0),
(8, 'C-15', 0),
(8, 'C-16', 0),
(8, 'C-17', 0),
(8, 'C-18', 0),
(8, 'C-19', 0),
(8, 'C-2', 0),
(8, 'C-20', 0),
(8, 'C-3', 0),
(8, 'C-4', 0),
(8, 'C-5', 0),
(8, 'C-6', 0),
(8, 'C-7', 0),
(8, 'C-8', 0),
(8, 'C-9', 0),
(8, 'D-1', 0),
(8, 'D-10', 0),
(8, 'D-11', 0),
(8, 'D-12', 0),
(8, 'D-13', 0),
(8, 'D-14', 0),
(8, 'D-15', 0),
(8, 'D-16', 0),
(8, 'D-17', 0),
(8, 'D-18', 0),
(8, 'D-19', 0),
(8, 'D-2', 0),
(8, 'D-20', 0),
(8, 'D-3', 0),
(8, 'D-4', 0),
(8, 'D-5', 0),
(8, 'D-6', 0),
(8, 'D-7', 0),
(8, 'D-8', 0),
(8, 'D-9', 0),
(8, 'E-1', 2),
(8, 'E-10', 0),
(8, 'E-11', 0),
(8, 'E-12', 0),
(8, 'E-13', 0),
(8, 'E-14', 0),
(8, 'E-15', 0),
(8, 'E-16', 0),
(8, 'E-17', 0),
(8, 'E-18', 0),
(8, 'E-19', 2),
(8, 'E-2', 2),
(8, 'E-20', 2),
(8, 'E-3', 0),
(8, 'E-4', 0),
(8, 'E-5', 0),
(8, 'E-6', 0),
(8, 'E-7', 0),
(8, 'E-8', 0),
(8, 'E-9', 0);

-- --------------------------------------------------------

--
-- テーブルの構造 `seat_reserve_list`
--

CREATE TABLE IF NOT EXISTS `seat_reserve_list` (
  `show_id` varchar(10) COLLATE utf8_unicode_ci NOT NULL,
  `user_id` varchar(20) COLLATE utf8_unicode_ci NOT NULL,
  `seat_number` varchar(10) COLLATE utf8_unicode_ci NOT NULL,
  `reserve_flag` tinyint(1) NOT NULL,
  `seat_reserve_time` timestamp NOT NULL DEFAULT CURRENT_TIMESTAMP ON UPDATE CURRENT_TIMESTAMP,
  PRIMARY KEY (`show_id`,`seat_number`)
) ENGINE=InnoDB DEFAULT CHARSET=utf8 COLLATE=utf8_unicode_ci;

--
-- テーブルのデータのダンプ `seat_reserve_list`
--

INSERT INTO `seat_reserve_list` (`show_id`, `user_id`, `seat_number`, `reserve_flag`, `seat_reserve_time`) VALUES
('sh0001', '111', 'A-24', 1, '2013-09-13 02:28:06');

-- --------------------------------------------------------

--
-- テーブルの構造 `show_schedule`
--

CREATE TABLE IF NOT EXISTS `show_schedule` (
  `show_id` varchar(10) COLLATE utf8_unicode_ci NOT NULL,
  `cinema_id` varchar(10) COLLATE utf8_unicode_ci NOT NULL,
  `screen_id` varchar(10) COLLATE utf8_unicode_ci NOT NULL,
  `start_time` time DEFAULT NULL,
  `show_day` date DEFAULT NULL,
  PRIMARY KEY (`show_id`)
) ENGINE=InnoDB DEFAULT CHARSET=utf8 COLLATE=utf8_unicode_ci;

--
-- テーブルのデータのダンプ `show_schedule`
--

INSERT INTO `show_schedule` (`show_id`, `cinema_id`, `screen_id`, `start_time`, `show_day`) VALUES
('sh0001', 'ci0002', 'sc0001', '09:30:00', '2013-09-14'),
('sh0002', 'ci0002', 'sc0001', '12:10:00', '2013-09-14'),
('sh0003', 'ci0002', 'sc0001', '14:35:00', '2013-09-14'),
('sh0004', 'ci0002', 'sc0001', '17:30:00', '2013-09-14'),
('sh0005', 'ci0002', 'sc0001', '20:10:00', '2013-09-14'),
('sh0006', 'ci0001', 'sc0002', '09:50:00', '2013-09-14'),
('sh0007', 'ci0001', 'sc0002', '13:00:00', '2013-09-14'),
('sh0008', 'ci0001', 'sc0002', '16:10:00', '2013-09-14'),
('sh0009', 'ci0001', 'sc0002', '19:20:00', '2013-09-14'),
('sh0010', 'ci0003', 'sc0003', '10:10:00', '2013-09-14'),
('sh0011', 'ci0003', 'sc0003', '12:30:00', '2013-09-14'),
('sh0012', 'ci0003', 'sc0003', '14:50:00', '2013-09-14'),
('sh0013', 'ci0003', 'sc0003', '17:10:00', '2013-09-14'),
('sh0014', 'ci0004', 'sc0004', '10:30:00', '2013-09-14'),
('sh0015', 'ci0004', 'sc0004', '14:30:00', '2013-09-14'),
('sh0016', 'ci0004', 'sc0004', '18:30:00', '2013-09-14'),
('sh0017', 'ci0005', 'sc0005', '10:50:00', '2013-09-14'),
('sh0018', 'ci0005', 'sc0005', '14:50:00', '2013-09-14'),
('sh0019', 'ci0005', 'sc0005', '18:50:00', '2013-09-14'),
('sh0020', 'ci0006', 'sc0006', '11:10:00', '2013-09-14'),
('sh0021', 'ci0006', 'sc0006', '15:10:00', '2013-09-14'),
('sh0022', 'ci0006', 'sc0006', '19:10:00', '2013-09-14'),
('sh0023', 'ci0007', 'sc0007', '11:30:00', '2013-09-14'),
('sh0024', 'ci0007', 'sc0007', '17:30:00', '2013-09-14'),
('sh0025', 'ci0009', 'sc0008', '11:50:00', '2013-09-14'),
('sh0026', 'ci0009', 'sc0008', '17:50:00', '2013-09-14'),
('sh0027', 'ci0002', 'sc0001', '09:30:00', '2013-09-15'),
('sh0028', 'ci0002', 'sc0001', '12:10:00', '2013-09-15'),
('sh0029', 'ci0002', 'sc0001', '14:35:00', '2013-09-15'),
('sh0030', 'ci0002', 'sc0001', '17:30:00', '2013-09-15'),
('sh0031', 'ci0002', 'sc0001', '20:10:00', '2013-09-15'),
('sh0032', 'ci0001', 'sc0002', '09:50:00', '2013-09-15'),
('sh0033', 'ci0001', 'sc0002', '13:00:00', '2013-09-15'),
('sh0034', 'ci0001', 'sc0002', '16:10:00', '2013-09-15'),
('sh0035', 'ci0001', 'sc0002', '19:20:00', '2013-09-15'),
('sh0036', 'ci0003', 'sc0003', '10:10:00', '2013-09-15'),
('sh0037', 'ci0003', 'sc0003', '12:30:00', '2013-09-15'),
('sh0038', 'ci0003', 'sc0003', '14:50:00', '2013-09-15'),
('sh0039', 'ci0003', 'sc0003', '17:10:00', '2013-09-15'),
('sh0040', 'ci0004', 'sc0004', '10:30:00', '2013-09-15'),
('sh0041', 'ci0004', 'sc0004', '14:30:00', '2013-09-15'),
('sh0042', 'ci0004', 'sc0004', '18:30:00', '2013-09-15'),
('sh0043', 'ci0005', 'sc0005', '10:50:00', '2013-09-15'),
('sh0044', 'ci0005', 'sc0005', '14:50:00', '2013-09-15'),
('sh0045', 'ci0005', 'sc0005', '18:50:00', '2013-09-15'),
('sh0046', 'ci0006', 'sc0006', '11:10:00', '2013-09-15'),
('sh0047', 'ci0006', 'sc0006', '15:10:00', '2013-09-15'),
('sh0048', 'ci0006', 'sc0006', '19:10:00', '2013-09-15'),
('sh0049', 'ci0007', 'sc0007', '11:30:00', '2013-09-15'),
('sh0050', 'ci0007', 'sc0007', '17:30:00', '2013-09-15'),
('sh0051', 'ci0009', 'sc0008', '11:50:00', '2013-09-15'),
('sh0052', 'ci0009', 'sc0008', '17:50:00', '2013-09-15'),
('sh0053', 'ci0002', 'sc0001', '09:30:00', '2013-09-16'),
('sh0054', 'ci0002', 'sc0001', '12:10:00', '2013-09-16'),
('sh0055', 'ci0002', 'sc0001', '14:35:00', '2013-09-16'),
('sh0056', 'ci0002', 'sc0001', '17:30:00', '2013-09-16'),
('sh0057', 'ci0002', 'sc0001', '20:10:00', '2013-09-16'),
('sh0058', 'ci0001', 'sc0002', '09:50:00', '2013-09-16'),
('sh0059', 'ci0001', 'sc0002', '13:00:00', '2013-09-16'),
('sh0060', 'ci0001', 'sc0002', '16:10:00', '2013-09-16'),
('sh0061', 'ci0001', 'sc0002', '19:20:00', '2013-09-16'),
('sh0062', 'ci0003', 'sc0003', '10:10:00', '2013-09-16'),
('sh0063', 'ci0003', 'sc0003', '12:30:00', '2013-09-16'),
('sh0064', 'ci0003', 'sc0003', '14:50:00', '2013-09-16'),
('sh0065', 'ci0003', 'sc0003', '17:10:00', '2013-09-16'),
('sh0066', 'ci0004', 'sc0004', '10:30:00', '2013-09-16'),
('sh0067', 'ci0004', 'sc0004', '14:30:00', '2013-09-16'),
('sh0068', 'ci0004', 'sc0004', '18:30:00', '2013-09-16'),
('sh0069', 'ci0005', 'sc0005', '10:50:00', '2013-09-16'),
('sh0070', 'ci0005', 'sc0005', '14:50:00', '2013-09-16'),
('sh0071', 'ci0005', 'sc0005', '18:50:00', '2013-09-16'),
('sh0072', 'ci0006', 'sc0006', '11:10:00', '2013-09-16'),
('sh0073', 'ci0006', 'sc0006', '15:10:00', '2013-09-16'),
('sh0074', 'ci0006', 'sc0006', '19:10:00', '2013-09-16'),
('sh0075', 'ci0007', 'sc0007', '11:30:00', '2013-09-16'),
('sh0076', 'ci0007', 'sc0007', '17:30:00', '2013-09-16'),
('sh0077', 'ci0009', 'sc0008', '11:50:00', '2013-09-16'),
('sh0078', 'ci0009', 'sc0008', '17:50:00', '2013-09-16'),
('sh0079', 'ci0002', 'sc0001', '09:30:00', '2013-09-17'),
('sh0080', 'ci0002', 'sc0001', '12:10:00', '2013-09-17'),
('sh0081', 'ci0002', 'sc0001', '14:35:00', '2013-09-17'),
('sh0082', 'ci0002', 'sc0001', '17:30:00', '2013-09-17'),
('sh0083', 'ci0002', 'sc0001', '20:10:00', '2013-09-17'),
('sh0084', 'ci0001', 'sc0002', '09:50:00', '2013-09-17'),
('sh0085', 'ci0001', 'sc0002', '13:00:00', '2013-09-17'),
('sh0086', 'ci0001', 'sc0002', '16:10:00', '2013-09-17'),
('sh0087', 'ci0001', 'sc0002', '19:20:00', '2013-09-17'),
('sh0088', 'ci0003', 'sc0003', '10:10:00', '2013-09-17'),
('sh0089', 'ci0003', 'sc0003', '12:30:00', '2013-09-17'),
('sh0090', 'ci0003', 'sc0003', '14:50:00', '2013-09-17'),
('sh0091', 'ci0003', 'sc0003', '17:10:00', '2013-09-17'),
('sh0092', 'ci0004', 'sc0004', '10:30:00', '2013-09-17'),
('sh0093', 'ci0004', 'sc0004', '14:30:00', '2013-09-17'),
('sh0094', 'ci0004', 'sc0004', '18:30:00', '2013-09-17'),
('sh0095', 'ci0005', 'sc0005', '10:50:00', '2013-09-17'),
('sh0096', 'ci0005', 'sc0005', '14:50:00', '2013-09-17'),
('sh0097', 'ci0005', 'sc0005', '18:50:00', '2013-09-17'),
('sh0098', 'ci0006', 'sc0006', '11:10:00', '2013-09-17'),
('sh0099', 'ci0006', 'sc0006', '15:10:00', '2013-09-17'),
('sh0100', 'ci0006', 'sc0006', '19:10:00', '2013-09-17'),
('sh0101', 'ci0007', 'sc0007', '11:30:00', '2013-09-17'),
('sh0102', 'ci0007', 'sc0007', '17:30:00', '2013-09-17'),
('sh0103', 'ci0009', 'sc0008', '11:50:00', '2013-09-17'),
('sh0104', 'ci0009', 'sc0008', '17:50:00', '2013-09-17'),
('sh0105', 'ci0002', 'sc0001', '09:30:00', '2013-09-18'),
('sh0106', 'ci0002', 'sc0001', '12:10:00', '2013-09-18'),
('sh0107', 'ci0002', 'sc0001', '14:35:00', '2013-09-18'),
('sh0108', 'ci0002', 'sc0001', '17:30:00', '2013-09-18'),
('sh0109', 'ci0002', 'sc0001', '20:10:00', '2013-09-18'),
('sh0110', 'ci0001', 'sc0002', '09:50:00', '2013-09-18'),
('sh0111', 'ci0001', 'sc0002', '13:00:00', '2013-09-18'),
('sh0112', 'ci0001', 'sc0002', '16:10:00', '2013-09-18'),
('sh0113', 'ci0001', 'sc0002', '19:20:00', '2013-09-18'),
('sh0114', 'ci0003', 'sc0003', '10:10:00', '2013-09-18'),
('sh0115', 'ci0003', 'sc0003', '12:30:00', '2013-09-18'),
('sh0116', 'ci0003', 'sc0003', '14:50:00', '2013-09-18'),
('sh0117', 'ci0003', 'sc0003', '17:10:00', '2013-09-18'),
('sh0118', 'ci0004', 'sc0004', '10:30:00', '2013-09-18'),
('sh0119', 'ci0004', 'sc0004', '14:30:00', '2013-09-18'),
('sh0120', 'ci0004', 'sc0004', '18:30:00', '2013-09-18'),
('sh0121', 'ci0005', 'sc0005', '10:50:00', '2013-09-18'),
('sh0122', 'ci0005', 'sc0005', '14:50:00', '2013-09-18'),
('sh0123', 'ci0005', 'sc0005', '18:50:00', '2013-09-18'),
('sh0124', 'ci0006', 'sc0006', '11:10:00', '2013-09-18'),
('sh0125', 'ci0006', 'sc0006', '15:10:00', '2013-09-18'),
('sh0126', 'ci0006', 'sc0006', '19:10:00', '2013-09-18'),
('sh0127', 'ci0007', 'sc0007', '11:30:00', '2013-09-18'),
('sh0128', 'ci0007', 'sc0007', '17:30:00', '2013-09-18'),
('sh0129', 'ci0009', 'sc0008', '11:50:00', '2013-09-18'),
('sh0130', 'ci0009', 'sc0008', '17:50:00', '2013-09-18'),
('sh0131', 'ci0002', 'sc0001', '09:30:00', '2013-09-19'),
('sh0132', 'ci0002', 'sc0001', '12:10:00', '2013-09-19'),
('sh0133', 'ci0002', 'sc0001', '14:35:00', '2013-09-19'),
('sh0134', 'ci0002', 'sc0001', '17:30:00', '2013-09-19'),
('sh0135', 'ci0002', 'sc0001', '20:10:00', '2013-09-19'),
('sh0136', 'ci0001', 'sc0002', '09:50:00', '2013-09-19'),
('sh0137', 'ci0001', 'sc0002', '13:00:00', '2013-09-19'),
('sh0138', 'ci0001', 'sc0002', '16:10:00', '2013-09-19'),
('sh0139', 'ci0001', 'sc0002', '19:20:00', '2013-09-19'),
('sh0140', 'ci0003', 'sc0003', '10:10:00', '2013-09-19'),
('sh0141', 'ci0003', 'sc0003', '12:30:00', '2013-09-19'),
('sh0142', 'ci0003', 'sc0003', '14:50:00', '2013-09-19'),
('sh0143', 'ci0003', 'sc0003', '17:10:00', '2013-09-19'),
('sh0144', 'ci0004', 'sc0004', '10:30:00', '2013-09-19'),
('sh0145', 'ci0004', 'sc0004', '14:30:00', '2013-09-19'),
('sh0146', 'ci0004', 'sc0004', '18:30:00', '2013-09-19'),
('sh0147', 'ci0005', 'sc0005', '10:50:00', '2013-09-19'),
('sh0148', 'ci0005', 'sc0005', '14:50:00', '2013-09-19'),
('sh0149', 'ci0005', 'sc0005', '18:50:00', '2013-09-19'),
('sh0150', 'ci0006', 'sc0006', '11:10:00', '2013-09-19'),
('sh0151', 'ci0006', 'sc0006', '15:10:00', '2013-09-19'),
('sh0152', 'ci0006', 'sc0006', '19:10:00', '2013-09-19'),
('sh0153', 'ci0007', 'sc0007', '11:30:00', '2013-09-19'),
('sh0154', 'ci0007', 'sc0007', '17:30:00', '2013-09-19'),
('sh0155', 'ci0009', 'sc0008', '11:50:00', '2013-09-19'),
('sh0156', 'ci0009', 'sc0008', '17:50:00', '2013-09-19'),
('sh0157', 'ci0002', 'sc0001', '09:30:00', '2013-09-20'),
('sh0158', 'ci0002', 'sc0001', '12:10:00', '2013-09-20'),
('sh0159', 'ci0002', 'sc0001', '14:35:00', '2013-09-20'),
('sh0160', 'ci0002', 'sc0001', '17:30:00', '2013-09-20'),
('sh0161', 'ci0002', 'sc0001', '20:10:00', '2013-09-20'),
('sh0162', 'ci0010', 'sc0002', '09:50:00', '2013-09-20'),
('sh0163', 'ci0010', 'sc0002', '13:00:00', '2013-09-20'),
('sh0164', 'ci0010', 'sc0002', '16:10:00', '2013-09-20'),
('sh0165', 'ci0010', 'sc0002', '19:20:00', '2013-09-20'),
('sh0166', 'ci0003', 'sc0003', '10:10:00', '2013-09-20'),
('sh0167', 'ci0003', 'sc0003', '12:30:00', '2013-09-20'),
('sh0168', 'ci0003', 'sc0003', '14:50:00', '2013-09-20'),
('sh0169', 'ci0003', 'sc0003', '17:10:00', '2013-09-20'),
('sh0170', 'ci0004', 'sc0004', '10:30:00', '2013-09-20'),
('sh0171', 'ci0004', 'sc0004', '14:30:00', '2013-09-20'),
('sh0172', 'ci0004', 'sc0004', '18:30:00', '2013-09-20'),
('sh0173', 'ci0005', 'sc0005', '10:50:00', '2013-09-20'),
('sh0174', 'ci0005', 'sc0005', '14:50:00', '2013-09-20'),
('sh0175', 'ci0005', 'sc0005', '18:50:00', '2013-09-20'),
('sh0176', 'ci0006', 'sc0006', '11:10:00', '2013-09-20'),
('sh0177', 'ci0006', 'sc0006', '15:10:00', '2013-09-20'),
('sh0178', 'ci0006', 'sc0006', '19:10:00', '2013-09-20'),
('sh0179', 'ci0007', 'sc0007', '11:30:00', '2013-09-20'),
('sh0180', 'ci0007', 'sc0007', '17:30:00', '2013-09-20'),
('sh0181', 'ci0009', 'sc0008', '11:50:00', '2013-09-20'),
('sh0182', 'ci0009', 'sc0008', '17:50:00', '2013-09-20'),
('sh0183', 'ci0002', 'sc0001', '09:30:00', '2013-09-21'),
('sh0184', 'ci0002', 'sc0001', '12:10:00', '2013-09-21'),
('sh0185', 'ci0002', 'sc0001', '14:35:00', '2013-09-21'),
('sh0186', 'ci0002', 'sc0001', '17:30:00', '2013-09-21'),
('sh0187', 'ci0002', 'sc0001', '20:10:00', '2013-09-21'),
('sh0188', 'ci0010', 'sc0002', '09:50:00', '2013-09-21'),
('sh0189', 'ci0010', 'sc0002', '13:00:00', '2013-09-21'),
('sh0190', 'ci0010', 'sc0002', '16:10:00', '2013-09-21'),
('sh0191', 'ci0010', 'sc0002', '19:20:00', '2013-09-21'),
('sh0192', 'ci0003', 'sc0003', '10:10:00', '2013-09-21'),
('sh0193', 'ci0003', 'sc0003', '12:30:00', '2013-09-21'),
('sh0194', 'ci0003', 'sc0003', '14:50:00', '2013-09-21'),
('sh0195', 'ci0003', 'sc0003', '17:10:00', '2013-09-21'),
('sh0196', 'ci0004', 'sc0004', '10:30:00', '2013-09-21'),
('sh0197', 'ci0004', 'sc0004', '14:30:00', '2013-09-21'),
('sh0198', 'ci0004', 'sc0004', '18:30:00', '2013-09-21'),
('sh0199', 'ci0005', 'sc0005', '10:50:00', '2013-09-21'),
('sh0200', 'ci0005', 'sc0005', '14:50:00', '2013-09-21'),
('sh0201', 'ci0005', 'sc0005', '18:50:00', '2013-09-21'),
('sh0202', 'ci0012', 'sc0006', '11:10:00', '2013-09-21'),
('sh0203', 'ci0012', 'sc0006', '15:10:00', '2013-09-21'),
('sh0204', 'ci0012', 'sc0006', '19:10:00', '2013-09-21'),
('sh0205', 'ci0007', 'sc0007', '11:30:00', '2013-09-21'),
('sh0206', 'ci0007', 'sc0007', '17:30:00', '2013-09-21'),
('sh0207', 'ci0009', 'sc0008', '11:50:00', '2013-09-21'),
('sh0208', 'ci0009', 'sc0008', '17:50:00', '2013-09-21'),
('sh0209', 'ci0002', 'sc0001', '09:30:00', '2013-09-22'),
('sh0210', 'ci0002', 'sc0001', '12:10:00', '2013-09-22'),
('sh0211', 'ci0002', 'sc0001', '14:35:00', '2013-09-22'),
('sh0212', 'ci0002', 'sc0001', '17:30:00', '2013-09-22'),
('sh0213', 'ci0002', 'sc0001', '20:10:00', '2013-09-22'),
('sh0214', 'ci0010', 'sc0002', '09:50:00', '2013-09-22'),
('sh0215', 'ci0010', 'sc0002', '13:00:00', '2013-09-22'),
('sh0216', 'ci0010', 'sc0002', '16:10:00', '2013-09-22'),
('sh0217', 'ci0010', 'sc0002', '19:20:00', '2013-09-22'),
('sh0218', 'ci0003', 'sc0003', '10:10:00', '2013-09-22'),
('sh0219', 'ci0003', 'sc0003', '12:30:00', '2013-09-22'),
('sh0220', 'ci0003', 'sc0003', '14:50:00', '2013-09-22'),
('sh0221', 'ci0003', 'sc0003', '17:10:00', '2013-09-22'),
('sh0222', 'ci0004', 'sc0004', '10:30:00', '2013-09-22'),
('sh0223', 'ci0004', 'sc0004', '14:30:00', '2013-09-22'),
('sh0224', 'ci0004', 'sc0004', '18:30:00', '2013-09-22'),
('sh0225', 'ci0005', 'sc0005', '10:50:00', '2013-09-22'),
('sh0226', 'ci0005', 'sc0005', '14:50:00', '2013-09-22'),
('sh0227', 'ci0005', 'sc0005', '18:50:00', '2013-09-22'),
('sh0228', 'ci0012', 'sc0006', '11:10:00', '2013-09-22'),
('sh0229', 'ci0012', 'sc0006', '15:10:00', '2013-09-22'),
('sh0230', 'ci0012', 'sc0006', '19:10:00', '2013-09-22'),
('sh0231', 'ci0007', 'sc0007', '11:30:00', '2013-09-22'),
('sh0232', 'ci0007', 'sc0007', '17:30:00', '2013-09-22'),
('sh0233', 'ci0009', 'sc0008', '11:50:00', '2013-09-22'),
('sh0234', 'ci0009', 'sc0008', '17:50:00', '2013-09-22'),
('sh0235', 'ci0002', 'sc0001', '09:30:00', '2013-09-23'),
('sh0236', 'ci0002', 'sc0001', '12:10:00', '2013-09-23'),
('sh0237', 'ci0002', 'sc0001', '14:35:00', '2013-09-23'),
('sh0238', 'ci0002', 'sc0001', '17:30:00', '2013-09-23'),
('sh0239', 'ci0002', 'sc0001', '20:10:00', '2013-09-23'),
('sh0240', 'ci0010', 'sc0002', '09:50:00', '2013-09-23'),
('sh0241', 'ci0010', 'sc0002', '13:00:00', '2013-09-23'),
('sh0242', 'ci0010', 'sc0002', '16:10:00', '2013-09-23'),
('sh0243', 'ci0010', 'sc0002', '19:20:00', '2013-09-23'),
('sh0244', 'ci0003', 'sc0003', '10:10:00', '2013-09-23'),
('sh0245', 'ci0003', 'sc0003', '12:30:00', '2013-09-23'),
('sh0246', 'ci0003', 'sc0003', '14:50:00', '2013-09-23'),
('sh0247', 'ci0003', 'sc0003', '17:10:00', '2013-09-23'),
('sh0248', 'ci0004', 'sc0004', '10:30:00', '2013-09-23'),
('sh0249', 'ci0004', 'sc0004', '14:30:00', '2013-09-23'),
('sh0250', 'ci0004', 'sc0004', '18:30:00', '2013-09-23'),
('sh0251', 'ci0005', 'sc0005', '10:50:00', '2013-09-23'),
('sh0252', 'ci0005', 'sc0005', '14:50:00', '2013-09-23'),
('sh0253', 'ci0005', 'sc0005', '18:50:00', '2013-09-23'),
('sh0254', 'ci0012', 'sc0006', '11:10:00', '2013-09-23'),
('sh0255', 'ci0012', 'sc0006', '15:10:00', '2013-09-23'),
('sh0256', 'ci0012', 'sc0006', '19:10:00', '2013-09-23'),
('sh0257', 'ci0007', 'sc0007', '11:30:00', '2013-09-23'),
('sh0258', 'ci0007', 'sc0007', '17:30:00', '2013-09-23'),
('sh0259', 'ci0009', 'sc0008', '11:50:00', '2013-09-23'),
('sh0260', 'ci0009', 'sc0008', '17:50:00', '2013-09-23'),
('sh0261', 'ci0002', 'sc0001', '09:30:00', '2013-09-24'),
('sh0262', 'ci0002', 'sc0001', '12:10:00', '2013-09-24'),
('sh0263', 'ci0002', 'sc0001', '14:35:00', '2013-09-24'),
('sh0264', 'ci0002', 'sc0001', '17:30:00', '2013-09-24'),
('sh0265', 'ci0002', 'sc0001', '20:10:00', '2013-09-24'),
('sh0266', 'ci0010', 'sc0002', '09:50:00', '2013-09-24'),
('sh0267', 'ci0010', 'sc0002', '13:00:00', '2013-09-24'),
('sh0268', 'ci0010', 'sc0002', '16:10:00', '2013-09-24'),
('sh0269', 'ci0010', 'sc0002', '19:20:00', '2013-09-24'),
('sh0270', 'ci0003', 'sc0003', '10:10:00', '2013-09-24'),
('sh0271', 'ci0003', 'sc0003', '12:30:00', '2013-09-24'),
('sh0272', 'ci0003', 'sc0003', '14:50:00', '2013-09-24'),
('sh0273', 'ci0003', 'sc0003', '17:10:00', '2013-09-24'),
('sh0274', 'ci0004', 'sc0004', '10:30:00', '2013-09-24'),
('sh0275', 'ci0004', 'sc0004', '14:30:00', '2013-09-24'),
('sh0276', 'ci0004', 'sc0004', '18:30:00', '2013-09-24'),
('sh0277', 'ci0005', 'sc0005', '10:50:00', '2013-09-24'),
('sh0278', 'ci0005', 'sc0005', '14:50:00', '2013-09-24'),
('sh0279', 'ci0005', 'sc0005', '18:50:00', '2013-09-24'),
('sh0280', 'ci0012', 'sc0006', '11:10:00', '2013-09-24'),
('sh0281', 'ci0012', 'sc0006', '15:10:00', '2013-09-24'),
('sh0282', 'ci0012', 'sc0006', '19:10:00', '2013-09-24'),
('sh0283', 'ci0007', 'sc0007', '11:30:00', '2013-09-24'),
('sh0284', 'ci0007', 'sc0007', '17:30:00', '2013-09-24'),
('sh0285', 'ci0009', 'sc0008', '11:50:00', '2013-09-24'),
('sh0286', 'ci0009', 'sc0008', '17:50:00', '2013-09-24'),
('sh0287', 'ci0002', 'sc0001', '09:30:00', '2013-09-25'),
('sh0288', 'ci0002', 'sc0001', '12:10:00', '2013-09-25'),
('sh0289', 'ci0002', 'sc0001', '14:35:00', '2013-09-25'),
('sh0290', 'ci0002', 'sc0001', '17:30:00', '2013-09-25'),
('sh0291', 'ci0002', 'sc0001', '20:10:00', '2013-09-25'),
('sh0292', 'ci0010', 'sc0002', '09:50:00', '2013-09-25'),
('sh0293', 'ci0010', 'sc0002', '13:00:00', '2013-09-25'),
('sh0294', 'ci0010', 'sc0002', '16:10:00', '2013-09-25'),
('sh0295', 'ci0010', 'sc0002', '19:20:00', '2013-09-25'),
('sh0296', 'ci0003', 'sc0003', '10:10:00', '2013-09-25'),
('sh0297', 'ci0003', 'sc0003', '12:30:00', '2013-09-25'),
('sh0298', 'ci0003', 'sc0003', '14:50:00', '2013-09-25'),
('sh0299', 'ci0003', 'sc0003', '17:10:00', '2013-09-25'),
('sh0300', 'ci0004', 'sc0004', '10:30:00', '2013-09-25'),
('sh0301', 'ci0004', 'sc0004', '14:30:00', '2013-09-25'),
('sh0302', 'ci0004', 'sc0004', '18:30:00', '2013-09-25'),
('sh0303', 'ci0005', 'sc0005', '10:50:00', '2013-09-25'),
('sh0304', 'ci0005', 'sc0005', '14:50:00', '2013-09-25'),
('sh0305', 'ci0005', 'sc0005', '18:50:00', '2013-09-25'),
('sh0306', 'ci0012', 'sc0006', '11:10:00', '2013-09-25'),
('sh0307', 'ci0012', 'sc0006', '15:10:00', '2013-09-25'),
('sh0308', 'ci0012', 'sc0006', '19:10:00', '2013-09-25'),
('sh0309', 'ci0007', 'sc0007', '11:30:00', '2013-09-25'),
('sh0310', 'ci0007', 'sc0007', '17:30:00', '2013-09-25'),
('sh0311', 'ci0009', 'sc0008', '11:50:00', '2013-09-25'),
('sh0312', 'ci0009', 'sc0008', '17:50:00', '2013-09-25'),
('sh0313', 'ci0002', 'sc0001', '09:30:00', '2013-09-26'),
('sh0314', 'ci0002', 'sc0001', '12:10:00', '2013-09-26'),
('sh0315', 'ci0002', 'sc0001', '14:35:00', '2013-09-26'),
('sh0316', 'ci0002', 'sc0001', '17:30:00', '2013-09-26'),
('sh0317', 'ci0002', 'sc0001', '20:10:00', '2013-09-26'),
('sh0318', 'ci0010', 'sc0002', '09:50:00', '2013-09-26'),
('sh0319', 'ci0010', 'sc0002', '13:00:00', '2013-09-26'),
('sh0320', 'ci0010', 'sc0002', '16:10:00', '2013-09-26'),
('sh0321', 'ci0010', 'sc0002', '19:20:00', '2013-09-26'),
('sh0322', 'ci0003', 'sc0003', '10:10:00', '2013-09-26'),
('sh0323', 'ci0003', 'sc0003', '12:30:00', '2013-09-26'),
('sh0324', 'ci0003', 'sc0003', '14:50:00', '2013-09-26'),
('sh0325', 'ci0003', 'sc0003', '17:10:00', '2013-09-26'),
('sh0326', 'ci0004', 'sc0004', '10:30:00', '2013-09-26'),
('sh0327', 'ci0004', 'sc0004', '14:30:00', '2013-09-26'),
('sh0328', 'ci0004', 'sc0004', '18:30:00', '2013-09-26'),
('sh0329', 'ci0005', 'sc0005', '10:50:00', '2013-09-26'),
('sh0330', 'ci0005', 'sc0005', '14:50:00', '2013-09-26'),
('sh0331', 'ci0005', 'sc0005', '18:50:00', '2013-09-26'),
('sh0332', 'ci0012', 'sc0006', '11:10:00', '2013-09-26'),
('sh0333', 'ci0012', 'sc0006', '15:10:00', '2013-09-26'),
('sh0334', 'ci0012', 'sc0006', '19:10:00', '2013-09-26'),
('sh0335', 'ci0007', 'sc0007', '11:30:00', '2013-09-26'),
('sh0336', 'ci0007', 'sc0007', '17:30:00', '2013-09-26'),
('sh0337', 'ci0009', 'sc0008', '11:50:00', '2013-09-26'),
('sh0338', 'ci0009', 'sc0008', '17:50:00', '2013-09-26'),
('sh0339', 'ci0002', 'sc0001', '09:30:00', '2013-09-27'),
('sh0340', 'ci0002', 'sc0001', '12:10:00', '2013-09-27'),
('sh0341', 'ci0002', 'sc0001', '14:35:00', '2013-09-27'),
('sh0342', 'ci0002', 'sc0001', '17:30:00', '2013-09-27'),
('sh0343', 'ci0002', 'sc0001', '20:10:00', '2013-09-27'),
('sh0344', 'ci0010', 'sc0002', '09:50:00', '2013-09-27'),
('sh0345', 'ci0010', 'sc0002', '13:00:00', '2013-09-27'),
('sh0346', 'ci0010', 'sc0002', '16:10:00', '2013-09-27'),
('sh0347', 'ci0010', 'sc0002', '19:20:00', '2013-09-27'),
('sh0348', 'ci0003', 'sc0003', '10:10:00', '2013-09-27'),
('sh0349', 'ci0003', 'sc0003', '12:30:00', '2013-09-27'),
('sh0350', 'ci0003', 'sc0003', '14:50:00', '2013-09-27'),
('sh0351', 'ci0003', 'sc0003', '17:10:00', '2013-09-27'),
('sh0352', 'ci0004', 'sc0004', '10:30:00', '2013-09-27'),
('sh0353', 'ci0004', 'sc0004', '14:30:00', '2013-09-27'),
('sh0354', 'ci0004', 'sc0004', '18:30:00', '2013-09-27'),
('sh0355', 'ci0005', 'sc0005', '10:50:00', '2013-09-27'),
('sh0356', 'ci0005', 'sc0005', '14:50:00', '2013-09-27'),
('sh0357', 'ci0005', 'sc0005', '18:50:00', '2013-09-27'),
('sh0358', 'ci0012', 'sc0006', '11:10:00', '2013-09-27'),
('sh0359', 'ci0012', 'sc0006', '15:10:00', '2013-09-27'),
('sh0360', 'ci0012', 'sc0006', '19:10:00', '2013-09-27'),
('sh0361', 'ci0007', 'sc0007', '11:30:00', '2013-09-27'),
('sh0362', 'ci0007', 'sc0007', '17:30:00', '2013-09-27'),
('sh0363', 'ci0009', 'sc0008', '11:50:00', '2013-09-27'),
('sh0364', 'ci0009', 'sc0008', '17:50:00', '2013-09-27'),
('sh0365', 'ci0002', 'sc0001', '09:30:00', '2013-09-28'),
('sh0366', 'ci0002', 'sc0001', '12:10:00', '2013-09-28'),
('sh0367', 'ci0002', 'sc0001', '14:35:00', '2013-09-28'),
('sh0368', 'ci0002', 'sc0001', '17:30:00', '2013-09-28'),
('sh0369', 'ci0002', 'sc0001', '20:10:00', '2013-09-28'),
('sh0370', 'ci0010', 'sc0002', '09:50:00', '2013-09-28'),
('sh0371', 'ci0010', 'sc0002', '13:00:00', '2013-09-28'),
('sh0372', 'ci0010', 'sc0002', '16:10:00', '2013-09-28'),
('sh0373', 'ci0010', 'sc0002', '19:20:00', '2013-09-28'),
('sh0374', 'ci0003', 'sc0003', '10:10:00', '2013-09-28'),
('sh0375', 'ci0003', 'sc0003', '12:30:00', '2013-09-28'),
('sh0376', 'ci0003', 'sc0003', '14:50:00', '2013-09-28'),
('sh0377', 'ci0003', 'sc0003', '17:10:00', '2013-09-28'),
('sh0378', 'ci0004', 'sc0004', '10:30:00', '2013-09-28'),
('sh0379', 'ci0004', 'sc0004', '14:30:00', '2013-09-28'),
('sh0380', 'ci0004', 'sc0004', '18:30:00', '2013-09-28'),
('sh0381', 'ci0005', 'sc0005', '10:50:00', '2013-09-28'),
('sh0382', 'ci0005', 'sc0005', '14:50:00', '2013-09-28'),
('sh0383', 'ci0005', 'sc0005', '18:50:00', '2013-09-28'),
('sh0384', 'ci0012', 'sc0006', '11:10:00', '2013-09-28'),
('sh0385', 'ci0012', 'sc0006', '15:10:00', '2013-09-28'),
('sh0386', 'ci0012', 'sc0006', '19:10:00', '2013-09-28'),
('sh0387', 'ci0013', 'sc0007', '11:30:00', '2013-09-28'),
('sh0388', 'ci0013', 'sc0007', '17:30:00', '2013-09-28'),
('sh0389', 'ci0009', 'sc0008', '11:50:00', '2013-09-28'),
('sh0390', 'ci0009', 'sc0008', '17:50:00', '2013-09-28'),
('sh0391', 'ci0002', 'sc0001', '09:30:00', '2013-09-29'),
('sh0392', 'ci0002', 'sc0001', '12:10:00', '2013-09-29'),
('sh0393', 'ci0002', 'sc0001', '14:35:00', '2013-09-29'),
('sh0394', 'ci0002', 'sc0001', '17:30:00', '2013-09-29'),
('sh0395', 'ci0002', 'sc0001', '20:10:00', '2013-09-29'),
('sh0396', 'ci0010', 'sc0002', '09:50:00', '2013-09-29'),
('sh0397', 'ci0010', 'sc0002', '13:00:00', '2013-09-29'),
('sh0398', 'ci0010', 'sc0002', '16:10:00', '2013-09-29'),
('sh0399', 'ci0010', 'sc0002', '19:20:00', '2013-09-29'),
('sh0400', 'ci0003', 'sc0003', '10:10:00', '2013-09-29'),
('sh0401', 'ci0003', 'sc0003', '12:30:00', '2013-09-29'),
('sh0402', 'ci0003', 'sc0003', '14:50:00', '2013-09-29'),
('sh0403', 'ci0003', 'sc0003', '17:10:00', '2013-09-29'),
('sh0404', 'ci0004', 'sc0004', '10:30:00', '2013-09-29'),
('sh0405', 'ci0004', 'sc0004', '14:30:00', '2013-09-29'),
('sh0406', 'ci0004', 'sc0004', '18:30:00', '2013-09-29'),
('sh0407', 'ci0005', 'sc0005', '10:50:00', '2013-09-29'),
('sh0408', 'ci0005', 'sc0005', '14:50:00', '2013-09-29'),
('sh0409', 'ci0005', 'sc0005', '18:50:00', '2013-09-29'),
('sh0410', 'ci0012', 'sc0006', '11:10:00', '2013-09-29'),
('sh0411', 'ci0012', 'sc0006', '15:10:00', '2013-09-29'),
('sh0412', 'ci0012', 'sc0006', '19:10:00', '2013-09-29'),
('sh0413', 'ci0013', 'sc0007', '11:30:00', '2013-09-29'),
('sh0414', 'ci0013', 'sc0007', '17:30:00', '2013-09-29'),
('sh0415', 'ci0009', 'sc0008', '11:50:00', '2013-09-29'),
('sh0416', 'ci0009', 'sc0008', '17:50:00', '2013-09-29'),
('sh0417', 'ci0002', 'sc0001', '09:30:00', '2013-09-30'),
('sh0418', 'ci0002', 'sc0001', '12:10:00', '2013-09-30'),
('sh0419', 'ci0002', 'sc0001', '14:35:00', '2013-09-30'),
('sh0420', 'ci0002', 'sc0001', '17:30:00', '2013-09-30'),
('sh0421', 'ci0002', 'sc0001', '20:10:00', '2013-09-30'),
('sh0422', 'ci0010', 'sc0002', '09:50:00', '2013-09-30'),
('sh0423', 'ci0010', 'sc0002', '13:00:00', '2013-09-30'),
('sh0424', 'ci0010', 'sc0002', '16:10:00', '2013-09-30'),
('sh0425', 'ci0010', 'sc0002', '19:20:00', '2013-09-30'),
('sh0426', 'ci0003', 'sc0003', '10:10:00', '2013-09-30'),
('sh0427', 'ci0003', 'sc0003', '12:30:00', '2013-09-30'),
('sh0428', 'ci0003', 'sc0003', '14:50:00', '2013-09-30'),
('sh0429', 'ci0003', 'sc0003', '17:10:00', '2013-09-30'),
('sh0430', 'ci0004', 'sc0004', '10:30:00', '2013-09-30'),
('sh0431', 'ci0004', 'sc0004', '14:30:00', '2013-09-30'),
('sh0432', 'ci0004', 'sc0004', '18:30:00', '2013-09-30'),
('sh0433', 'ci0005', 'sc0005', '10:50:00', '2013-09-30'),
('sh0434', 'ci0005', 'sc0005', '14:50:00', '2013-09-30'),
('sh0435', 'ci0005', 'sc0005', '18:50:00', '2013-09-30'),
('sh0436', 'ci0012', 'sc0006', '11:10:00', '2013-09-30'),
('sh0437', 'ci0012', 'sc0006', '15:10:00', '2013-09-30'),
('sh0438', 'ci0012', 'sc0006', '19:10:00', '2013-09-30'),
('sh0439', 'ci0013', 'sc0007', '11:30:00', '2013-09-30'),
('sh0440', 'ci0013', 'sc0007', '17:30:00', '2013-09-30'),
('sh0441', 'ci0009', 'sc0008', '11:50:00', '2013-09-30'),
('sh0442', 'ci0009', 'sc0008', '17:50:00', '2013-09-30');

-- --------------------------------------------------------

--
-- テーブルの構造 `theater_master`
--

CREATE TABLE IF NOT EXISTS `theater_master` (
  `theater_id` varchar(10) COLLATE utf8_unicode_ci NOT NULL,
  `theater_name` varchar(10) COLLATE utf8_unicode_ci NOT NULL,
  `theater_address` varchar(255) COLLATE utf8_unicode_ci NOT NULL,
  `theater_tel` varchar(11) COLLATE utf8_unicode_ci NOT NULL,
  `theater_map` varchar(20) COLLATE utf8_unicode_ci NOT NULL,
  `theater_map_comment` varchar(255) COLLATE utf8_unicode_ci NOT NULL,
  `theater_img` varchar(255) COLLATE utf8_unicode_ci NOT NULL,
  `open_time` time NOT NULL,
  `parking_number` smallint(4) NOT NULL,
  PRIMARY KEY (`theater_id`)
) ENGINE=InnoDB DEFAULT CHARSET=utf8 COLLATE=utf8_unicode_ci;

--
-- テーブルのデータのダンプ `theater_master`
--

INSERT INTO `theater_master` (`theater_id`, `theater_name`, `theater_address`, `theater_tel`, `theater_map`, `theater_map_comment`, `theater_img`, `open_time`, `parking_number`) VALUES
('th0001', 'HALシネマ東京', '〒160-0023 東京都新宿区西新宿1-7-3', '0333441010', 'th0001map.jpg', '新宿（西口）駅前、徒歩3分。\nJR・小田急・京王・地下鉄から地下街が直結。駅前から歩道橋が直結。', 'th0001.jpg', '09:00:00', 600),
('th0002', 'HALシネマ大阪', '〒530-0001 大阪市北区梅田3-3-1', '0663470001', 'th0002map.jpg', '大阪駅前、徒歩3分。 JR大阪駅の場合：桜橋口改札→右手の横断歩道を渡る→梅三小路を通りぬける→左手に学校があります', 'th0002.jpg', '09:00:00', 500),
('th0003', 'HALシネマ名古屋', '〒450-0002 名古屋市中村区名駅4-27-1', '0525511001', 'th0003map.jpg', '名古屋駅前、徒歩3分。', 'th0003.jpg', '09:00:00', 700);

-- --------------------------------------------------------

--
-- テーブルの構造 `user_master`
--

CREATE TABLE IF NOT EXISTS `user_master` (
  `user_id` varchar(20) COLLATE utf8_unicode_ci NOT NULL,
  `user_pass` varchar(20) COLLATE utf8_unicode_ci NOT NULL,
  `user_mail` varchar(20) COLLATE utf8_unicode_ci NOT NULL,
  `family_name` varchar(20) COLLATE utf8_unicode_ci NOT NULL,
  `first_name` varchar(20) COLLATE utf8_unicode_ci NOT NULL,
  `birthday` date DEFAULT NULL,
  `prefectures` varchar(20) COLLATE utf8_unicode_ci DEFAULT NULL,
  `user_address` varchar(50) COLLATE utf8_unicode_ci DEFAULT NULL,
  `settle_flag` tinyint(1) NOT NULL,
  `hal_cinema_point` smallint(2) DEFAULT NULL,
  `mail_magazine_flag` tinyint(1) NOT NULL,
  `logic_delete_flag` tinyint(1) NOT NULL,
  `user_tel` varchar(11) COLLATE utf8_unicode_ci NOT NULL,
  PRIMARY KEY (`user_id`)
) ENGINE=InnoDB DEFAULT CHARSET=utf8 COLLATE=utf8_unicode_ci;

--
-- テーブルのデータのダンプ `user_master`
--

INSERT INTO `user_master` (`user_id`, `user_pass`, `user_mail`, `family_name`, `first_name`, `birthday`, `prefectures`, `user_address`, `settle_flag`, `hal_cinema_point`, `mail_magazine_flag`, `logic_delete_flag`, `user_tel`) VALUES
('111', '111', '111@gmail.com', '石野', '恵伍', '1988-03-03', '東京都', '足立区の果て', 0, 0, 1, 0, '09019886565'),
('222', '222', '222@gmail.com', '澤村', '昌', '1989-04-14', '和歌山県', '岩出市金屋237-1', 1, 0, 0, 0, '0736622815'),
('333', '333', '333@gmail.com', '鈴木', '悠馬', '1993-04-04', '沖縄県', '那覇市空の上', 1, 1000, 1, 0, '090909090'),
('444', '444', '444@gmail.com', '西村', '拓馬', '2000-08-09', '北海道', '札幌市地面の下', 0, 0, 0, 0, '0786564532');

-- --------------------------------------------------------

--
-- テーブルの構造 `user_settle`
--

CREATE TABLE IF NOT EXISTS `user_settle` (
  `settle_id` varchar(20) COLLATE utf8_unicode_ci NOT NULL,
  `user_id` varchar(20) COLLATE utf8_unicode_ci NOT NULL,
  `settle_type_flag` tinyint(1) NOT NULL,
  `mobile_flag` tinyint(1) NOT NULL,
  `card_number` varchar(16) COLLATE utf8_unicode_ci DEFAULT NULL,
  `card_valid_month` tinyint(2) DEFAULT NULL,
  `card_valid_year` tinyint(2) DEFAULT NULL,
  `card_family_name` varchar(20) COLLATE utf8_unicode_ci DEFAULT NULL,
  `card_first_name` varchar(20) COLLATE utf8_unicode_ci DEFAULT NULL,
  `card_security_code` smallint(4) DEFAULT NULL,
  PRIMARY KEY (`settle_id`,`user_id`)
) ENGINE=InnoDB DEFAULT CHARSET=utf8 COLLATE=utf8_unicode_ci;

--
-- テーブルのデータのダンプ `user_settle`
--

INSERT INTO `user_settle` (`settle_id`, `user_id`, `settle_type_flag`, `mobile_flag`, `card_number`, `card_valid_month`, `card_valid_year`, `card_family_name`, `card_first_name`, `card_security_code`) VALUES
('se0001', '222', 1, 1, '11111111111', 8, 14, '澤村', '昌', 11),
('se0002', '111', 0, 2, NULL, NULL, NULL, NULL, NULL, NULL),
('se0003', '333', 1, 2, '222222222222', 9, 14, '鈴木', '祐馬', 456),
('se0004', '444', 0, 0, NULL, NULL, NULL, NULL, NULL, NULL);

/*!40101 SET CHARACTER_SET_CLIENT=@OLD_CHARACTER_SET_CLIENT */;
/*!40101 SET CHARACTER_SET_RESULTS=@OLD_CHARACTER_SET_RESULTS */;
/*!40101 SET COLLATION_CONNECTION=@OLD_COLLATION_CONNECTION */;
